No,Kode_Provinsi,Provinsi,Kode_Lokasi,Kabupaten_Kota,Kode_Desa,Nama_Desa,Pagu
1,10,JAMBI,1001,KAB. BATANGHARI,1504012002,Sengkati Kecil,773374000
2,10,JAMBI,1001,KAB. BATANGHARI,1504012003,Sengkati Gedang,758845000
3,10,JAMBI,1001,KAB. BATANGHARI,1504012004,Sengkati Baru,829309000
4,10,JAMBI,1001,KAB. BATANGHARI,1504012005,Kembang Tanjung,903642000
5,10,JAMBI,1001,KAB. BATANGHARI,1504012006,Mersam,840209000
6,10,JAMBI,1001,KAB. BATANGHARI,1504012007,Benteng Rendah,821085000
7,10,JAMBI,1001,KAB. BATANGHARI,1504012008,Sungai Puar,706334000
8,10,JAMBI,1001,KAB. BATANGHARI,1504012009,Rantau Gedang,763485000
9,10,JAMBI,1001,KAB. BATANGHARI,1504012010,Pematang Gadung,807059000
10,10,JAMBI,1001,KAB. BATANGHARI,1504012011,Teluk Melintang,623211000
11,10,JAMBI,1001,KAB. BATANGHARI,1504012012,Bukit Harapan,968943000
12,10,JAMBI,1001,KAB. BATANGHARI,1504012013,Belanti Jaya,777042000
13,10,JAMBI,1001,KAB. BATANGHARI,1504012014,Tapah Sari,782337000
14,10,JAMBI,1001,KAB. BATANGHARI,1504012015,Bukit Kemuning,652340000
15,10,JAMBI,1001,KAB. BATANGHARI,1504012016,Simpang Rantau Gedang,780401000
16,10,JAMBI,1001,KAB. BATANGHARI,1504012017,Tanjung Putra,941875000
17,10,JAMBI,1001,KAB. BATANGHARI,1504012018,Sengkati Mudo,857445000
18,10,JAMBI,1001,KAB. BATANGHARI,1504022003,Jebak,1010689000
19,10,JAMBI,1001,KAB. BATANGHARI,1504022004,Ampelu,811721000
20,10,JAMBI,1001,KAB. BATANGHARI,1504022005,Rambutan Masam,952082000
21,10,JAMBI,1001,KAB. BATANGHARI,1504022006,Rantau Kapas Mudo,816464000
22,10,JAMBI,1001,KAB. BATANGHARI,1504022007,Rantau Kapas Tuo,762613000
23,10,JAMBI,1001,KAB. BATANGHARI,1504022008,Sungai Pulai,773844000
24,10,JAMBI,1001,KAB. BATANGHARI,1504022009,Pulau,908189000
25,10,JAMBI,1001,KAB. BATANGHARI,1504022010,Tanjung Marwo,888132000
26,10,JAMBI,1001,KAB. BATANGHARI,1504022011,Suka Ramai,760364000
27,10,JAMBI,1001,KAB. BATANGHARI,1504022012,Ampelu Mudo,680958000
28,10,JAMBI,1001,KAB. BATANGHARI,1504022013,Pelayangan,850742000
29,10,JAMBI,1001,KAB. BATANGHARI,1504022015,Pematang Lima Suku,863001000
30,10,JAMBI,1001,KAB. BATANGHARI,1504032006,Pasar Terusan,1064294000
31,10,JAMBI,1001,KAB. BATANGHARI,1504032007,Simpang Terusan,1038411000
32,10,JAMBI,1001,KAB. BATANGHARI,1504032008,Malapari,845125000
33,10,JAMBI,1001,KAB. BATANGHARI,1504032009,Napal Sisik,681274000
34,10,JAMBI,1001,KAB. BATANGHARI,1504032010,Rambahan,697323000
35,10,JAMBI,1001,KAB. BATANGHARI,1504032011,Olak,716329000
36,10,JAMBI,1001,KAB. BATANGHARI,1504032012,Muaro Singoan,753752000
37,10,JAMBI,1001,KAB. BATANGHARI,1504032013,Aro,871530000
38,10,JAMBI,1001,KAB. BATANGHARI,1504032014,Rantau Puri,783133000
39,10,JAMBI,1001,KAB. BATANGHARI,1504032015,Sungai Baung,958787000
40,10,JAMBI,1001,KAB. BATANGHARI,1504032016,Bajubang Laut,804466000
41,10,JAMBI,1001,KAB. BATANGHARI,1504032017,Singkawang,858148000
42,10,JAMBI,1001,KAB. BATANGHARI,1504032018,Tenam,840515000
43,10,JAMBI,1001,KAB. BATANGHARI,1504032019,Sungai Buluh,839479000
44,10,JAMBI,1001,KAB. BATANGHARI,1504032020,Kilangan,864510000
45,10,JAMBI,1001,KAB. BATANGHARI,1504032021,Pelayangan,714086000
46,10,JAMBI,1001,KAB. BATANGHARI,1504042001,Jelutih,1986492000
47,10,JAMBI,1001,KAB. BATANGHARI,1504042002,Olak Besar,946528000
48,10,JAMBI,1001,KAB. BATANGHARI,1504042004,Aur Gading,853312000
49,10,JAMBI,1001,KAB. BATANGHARI,1504042005,Paku Aji,785111000
50,10,JAMBI,1001,KAB. BATANGHARI,1504042006,Hajran,1022744000
51,10,JAMBI,1001,KAB. BATANGHARI,1504042007,Mata Gual,720651000
52,10,JAMBI,1001,KAB. BATANGHARI,1504042008,Jangga,1014568000
53,10,JAMBI,1001,KAB. BATANGHARI,1504042009,Koto Boyo,902860000
54,10,JAMBI,1001,KAB. BATANGHARI,1504042010,Simpang Karmeo,787334000
55,10,JAMBI,1001,KAB. BATANGHARI,1504042011,Karmeo,1115154000
56,10,JAMBI,1001,KAB. BATANGHARI,1504042013,Jangga Baru,949627000
57,10,JAMBI,1001,KAB. BATANGHARI,1504042014,Terentang Baru,788320000
58,10,JAMBI,1001,KAB. BATANGHARI,1504042015,Bulian Baru,1032309000
59,10,JAMBI,1001,KAB. BATANGHARI,1504042016,Simpang Jelutih,757472000
60,10,JAMBI,1001,KAB. BATANGHARI,1504042017,Simpang Aur Gading,938714000
61,10,JAMBI,1001,KAB. BATANGHARI,1504052001,Tebing Tinggi,863373000
62,10,JAMBI,1001,KAB. BATANGHARI,1504052003,Serasah,810902000
63,10,JAMBI,1001,KAB. BATANGHARI,1504052004,Lubuk Ruso,812490000
64,10,JAMBI,1001,KAB. BATANGHARI,1504052005,Kuap,760569000
65,10,JAMBI,1001,KAB. BATANGHARI,1504052006,Senaning,748591000
66,10,JAMBI,1001,KAB. BATANGHARI,1504052007,Kubu Kandang,734970000
67,10,JAMBI,1001,KAB. BATANGHARI,1504052008,Ture,822160000
68,10,JAMBI,1001,KAB. BATANGHARI,1504052009,Pulau Betung,871648000
69,10,JAMBI,1001,KAB. BATANGHARI,1504052010,Lopak Aur,1180632000
70,10,JAMBI,1001,KAB. BATANGHARI,1504052011,Selat,897642000
71,10,JAMBI,1001,KAB. BATANGHARI,1504052012,Teluk,1205616000
72,10,JAMBI,1001,KAB. BATANGHARI,1504052013,Pulau Raman,892253000
73,10,JAMBI,1001,KAB. BATANGHARI,1504052014,Kaos,850937000
74,10,JAMBI,1001,KAB. BATANGHARI,1504052015,Simpang Kubu Kandang,644050000
75,10,JAMBI,1001,KAB. BATANGHARI,1504052016,Awin,857764000
76,10,JAMBI,1001,KAB. BATANGHARI,1504052017,Olak Rambahan,821936000
77,10,JAMBI,1001,KAB. BATANGHARI,1504052019,Teluk Ketapang,905006000
78,10,JAMBI,1001,KAB. BATANGHARI,1504052020,Kampung Pulau,653778000
79,10,JAMBI,1001,KAB. BATANGHARI,1504062001,Batu Sawar,757326000
80,10,JAMBI,1001,KAB. BATANGHARI,1504062002,Peninjauan,1243682000
81,10,JAMBI,1001,KAB. BATANGHARI,1504062003,Teluk Leban,891917000
82,10,JAMBI,1001,KAB. BATANGHARI,1504062004,Kampung Baru,1004820000
83,10,JAMBI,1001,KAB. BATANGHARI,1504062005,Rengas IX,701413000
84,10,JAMBI,1001,KAB. BATANGHARI,1504062006,Kembang Seri,955599000
85,10,JAMBI,1001,KAB. BATANGHARI,1504062007,Buluh Kasab,963100000
86,10,JAMBI,1001,KAB. BATANGHARI,1504062008,Tebing Tinggi,835544000
87,10,JAMBI,1001,KAB. BATANGHARI,1504062009,Olak Kemang,888628000
88,10,JAMBI,1001,KAB. BATANGHARI,1504062010,Padang Kelapo,967840000
89,10,JAMBI,1001,KAB. BATANGHARI,1504062011,Sungai Lingkar,1019422000
90,10,JAMBI,1001,KAB. BATANGHARI,1504062012,Sungai Ruan Ulu,907181000
91,10,JAMBI,1001,KAB. BATANGHARI,1504062013,Sungai Ruan Ilir,1209197000
92,10,JAMBI,1001,KAB. BATANGHARI,1504062015,Rawa Mekar,696563000
93,10,JAMBI,1001,KAB. BATANGHARI,1504062016,Mekar Sari,749544000
94,10,JAMBI,1001,KAB. BATANGHARI,1504062017,Kembang Seri Baru,870426000
95,10,JAMBI,1001,KAB. BATANGHARI,1504072001,Bungku,1694836000
96,10,JAMBI,1001,KAB. BATANGHARI,1504072002,Pompa Air,1214762000
97,10,JAMBI,1001,KAB. BATANGHARI,1504072003,Ladang Peris,959535000
98,10,JAMBI,1001,KAB. BATANGHARI,1504072005,Penerokan,1115520000
99,10,JAMBI,1001,KAB. BATANGHARI,1504072006,Petajen,809226000
100,10,JAMBI,1001,KAB. BATANGHARI,1504072007,Batin,785657000
101,10,JAMBI,1001,KAB. BATANGHARI,1504072008,Mekar Jaya,757958000
102,10,JAMBI,1001,KAB. BATANGHARI,1504072009,Sungkai,931371000
103,10,JAMBI,1001,KAB. BATANGHARI,1504072010,Mekar Sari Nes,695175000
104,10,JAMBI,1001,KAB. BATANGHARI,1504082001,Bulian Jaya,1012198000
105,10,JAMBI,1001,KAB. BATANGHARI,1504082002,Tidar Kuranji,773576000
106,10,JAMBI,1001,KAB. BATANGHARI,1504082003,Kehidupan Baru,896765000
107,10,JAMBI,1001,KAB. BATANGHARI,1504082004,Bukit Sari,731810000
108,10,JAMBI,1001,KAB. BATANGHARI,1504082005,Karya Mukti,736571000
109,10,JAMBI,1001,KAB. BATANGHARI,1504082006,Terusan,776238000
110,10,JAMBI,1001,KAB. BATANGHARI,1504082007,Danau Embat,820038000
111,10,JAMBI,1002,KAB. TANJUNG JABUNG BARAT,1506012001,Badang,887394000
112,10,JAMBI,1002,KAB. TANJUNG JABUNG BARAT,1506012002,Tanjung Tayas,648652000
113,10,JAMBI,1002,KAB. TANJUNG JABUNG BARAT,1506012003,Kuala Dasal,808074000
114,10,JAMBI,1002,KAB. TANJUNG JABUNG BARAT,1506012004,Pematang Pauh,859388000
115,10,JAMBI,1002,KAB. TANJUNG JABUNG BARAT,1506012006,Taman Raja,825649000
116,10,JAMBI,1002,KAB. TANJUNG JABUNG BARAT,1506012017,Brasau,641272000
117,10,JAMBI,1002,KAB. TANJUNG JABUNG BARAT,1506012019,Gemuruh,884857000
118,10,JAMBI,1002,KAB. TANJUNG JABUNG BARAT,1506012020,Pematang Tembesu,850437000
119,10,JAMBI,1002,KAB. TANJUNG JABUNG BARAT,1506012021,Badang Sepakat,707907000
120,10,JAMBI,1002,KAB. TANJUNG JABUNG BARAT,1506022003,Tungkal I,860688000
121,10,JAMBI,1002,KAB. TANJUNG JABUNG BARAT,1506022014,Teluk Sialang,825546000
122,10,JAMBI,1002,KAB. TANJUNG JABUNG BARAT,1506032006,Parit Pudin,1137988000
123,10,JAMBI,1002,KAB. TANJUNG JABUNG BARAT,1506032007,Sungai Serindit,924733000
124,10,JAMBI,1002,KAB. TANJUNG JABUNG BARAT,1506032008,Mekar Jati,856726000
125,10,JAMBI,1002,KAB. TANJUNG JABUNG BARAT,1506032012,Sungai Pampang,733579000
126,10,JAMBI,1002,KAB. TANJUNG JABUNG BARAT,1506032013,Parit Sidang,753958000
127,10,JAMBI,1002,KAB. TANJUNG JABUNG BARAT,1506032014,Sungai Jering,853366000
128,10,JAMBI,1002,KAB. TANJUNG JABUNG BARAT,1506032015,Parit Bilal,805407000
129,10,JAMBI,1002,KAB. TANJUNG JABUNG BARAT,1506032016,Suak Samin,773823000
130,10,JAMBI,1002,KAB. TANJUNG JABUNG BARAT,1506032017,Sungai Baung,1048013000
131,10,JAMBI,1002,KAB. TANJUNG JABUNG BARAT,1506032018,Karya Maju,1033051000
132,10,JAMBI,1002,KAB. TANJUNG JABUNG BARAT,1506032019,Sungai Raya,874519000
133,10,JAMBI,1002,KAB. TANJUNG JABUNG BARAT,1506032020,Pasar Senin,816933000
134,10,JAMBI,1002,KAB. TANJUNG JABUNG BARAT,1506042001,Pematang Lumut,994388000
135,10,JAMBI,1002,KAB. TANJUNG JABUNG BARAT,1506042008,Makmur Jaya,970926000
136,10,JAMBI,1002,KAB. TANJUNG JABUNG BARAT,1506042009,Serdang Jaya,839502000
137,10,JAMBI,1002,KAB. TANJUNG JABUNG BARAT,1506042010,Terjun Gajah,814694000
138,10,JAMBI,1002,KAB. TANJUNG JABUNG BARAT,1506042011,Lubuk Terentang,818486000
139,10,JAMBI,1002,KAB. TANJUNG JABUNG BARAT,1506042012,Pematang Buluh,784922000
140,10,JAMBI,1002,KAB. TANJUNG JABUNG BARAT,1506042013,Muntialo,832522000
141,10,JAMBI,1002,KAB. TANJUNG JABUNG BARAT,1506042014,Teluk Kulbi,1051891000
142,10,JAMBI,1002,KAB. TANJUNG JABUNG BARAT,1506042015,Bunga Tanjung,1085165000
143,10,JAMBI,1002,KAB. TANJUNG JABUNG BARAT,1506042016,Sungai Terap,920772000
144,10,JAMBI,1002,KAB. TANJUNG JABUNG BARAT,1506042017,Mandala Jaya,742894000
145,10,JAMBI,1002,KAB. TANJUNG JABUNG BARAT,1506052005,Penyabungan,672242000
146,10,JAMBI,1002,KAB. TANJUNG JABUNG BARAT,1506052006,Lubuk Terap,925024000
147,10,JAMBI,1002,KAB. TANJUNG JABUNG BARAT,1506052008,Tanjung Paku,857259000
148,10,JAMBI,1002,KAB. TANJUNG JABUNG BARAT,1506052012,Tanjung Benanak,843648000
149,10,JAMBI,1002,KAB. TANJUNG JABUNG BARAT,1506052013,Bukit Harapan,691402000
150,10,JAMBI,1002,KAB. TANJUNG JABUNG BARAT,1506052014,Adi Purwa,663831000
151,10,JAMBI,1002,KAB. TANJUNG JABUNG BARAT,1506052018,Pinang Gading,658070000
152,10,JAMBI,1002,KAB. TANJUNG JABUNG BARAT,1506052020,Merlung,1004592000
153,10,JAMBI,1002,KAB. TANJUNG JABUNG BARAT,1506052021,Tanjung Makmur,697156000
154,10,JAMBI,1002,KAB. TANJUNG JABUNG BARAT,1506062002,Purwodadi,997536000
155,10,JAMBI,1002,KAB. TANJUNG JABUNG BARAT,1506062003,Suka Damai,784376000
156,10,JAMBI,1002,KAB. TANJUNG JABUNG BARAT,1506062004,Adi Jaya,674762000
157,10,JAMBI,1002,KAB. TANJUNG JABUNG BARAT,1506062005,Kelagian,1169207000
158,10,JAMBI,1002,KAB. TANJUNG JABUNG BARAT,1506062006,Teluk Pengkah,938531000
159,10,JAMBI,1002,KAB. TANJUNG JABUNG BARAT,1506062007,Talang Makmur,1019831000
160,10,JAMBI,1002,KAB. TANJUNG JABUNG BARAT,1506062008,Sungai Keruh,658222000
161,10,JAMBI,1002,KAB. TANJUNG JABUNG BARAT,1506062009,Dataran Kempas,941679000
162,10,JAMBI,1002,KAB. TANJUNG JABUNG BARAT,1506062010,Delima,803495000
163,10,JAMBI,1002,KAB. TANJUNG JABUNG BARAT,1506072002,Sri Agung,862184000
164,10,JAMBI,1002,KAB. TANJUNG JABUNG BARAT,1506072003,Suban,1492730000
165,10,JAMBI,1002,KAB. TANJUNG JABUNG BARAT,1506072004,Tanjung Bojo,710919000
166,10,JAMBI,1002,KAB. TANJUNG JABUNG BARAT,1506072005,Kampung Baru,831594000
167,10,JAMBI,1002,KAB. TANJUNG JABUNG BARAT,1506072006,Lubuk Bernai,1087387000
168,10,JAMBI,1002,KAB. TANJUNG JABUNG BARAT,1506072007,Rawa Medang,772408000
169,10,JAMBI,1002,KAB. TANJUNG JABUNG BARAT,1506072008,Sungai Penoban,925917000
170,10,JAMBI,1002,KAB. TANJUNG JABUNG BARAT,1506072009,Rawang Kempas,1096169000
171,10,JAMBI,1002,KAB. TANJUNG JABUNG BARAT,1506072010,Lubuk Lawas,919420000
172,10,JAMBI,1002,KAB. TANJUNG JABUNG BARAT,1506072011,Sungai Badar,674621000
173,10,JAMBI,1002,KAB. TANJUNG JABUNG BARAT,1506082002,Pulau Pauh,664334000
174,10,JAMBI,1002,KAB. TANJUNG JABUNG BARAT,1506082003,Rantau Benar,952232000
175,10,JAMBI,1002,KAB. TANJUNG JABUNG BARAT,1506082004,Lampisi,974587000
176,10,JAMBI,1002,KAB. TANJUNG JABUNG BARAT,1506082005,Cinta Damai,691478000
177,10,JAMBI,1002,KAB. TANJUNG JABUNG BARAT,1506082006,Sungai Rotan,739576000
178,10,JAMBI,1002,KAB. TANJUNG JABUNG BARAT,1506082007,Muara Danau,1067832000
179,10,JAMBI,1002,KAB. TANJUNG JABUNG BARAT,1506082008,Tanah Tumbuh,795626000
180,10,JAMBI,1002,KAB. TANJUNG JABUNG BARAT,1506082009,Sungai Paur,810385000
181,10,JAMBI,1002,KAB. TANJUNG JABUNG BARAT,1506082010,Bukit Bakar,742059000
182,10,JAMBI,1002,KAB. TANJUNG JABUNG BARAT,1506092002,Dusun Mudo,971506000
183,10,JAMBI,1002,KAB. TANJUNG JABUNG BARAT,1506092003,Intan Jaya,641164000
184,10,JAMBI,1002,KAB. TANJUNG JABUNG BARAT,1506092004,Bukit Indah,625152000
185,10,JAMBI,1002,KAB. TANJUNG JABUNG BARAT,1506092005,Kemang Manis,869847000
186,10,JAMBI,1002,KAB. TANJUNG JABUNG BARAT,1506092006,Rantau Badak Lamo,900888000
187,10,JAMBI,1002,KAB. TANJUNG JABUNG BARAT,1506092007,Lubuk Sebontan,834382000
188,10,JAMBI,1002,KAB. TANJUNG JABUNG BARAT,1506092008,Sungai Papauh,659760000
189,10,JAMBI,1002,KAB. TANJUNG JABUNG BARAT,1506092009,Sungai Muluk,678162000
190,10,JAMBI,1002,KAB. TANJUNG JABUNG BARAT,1506092010,Pematang Balam,690090000
191,10,JAMBI,1002,KAB. TANJUNG JABUNG BARAT,1506102002,Tungkal IV Desa,707587000
192,10,JAMBI,1002,KAB. TANJUNG JABUNG BARAT,1506102003,Kuala Baru,764471000
193,10,JAMBI,1002,KAB. TANJUNG JABUNG BARAT,1506102004,Teluk Pulai Raya,766343000
194,10,JAMBI,1002,KAB. TANJUNG JABUNG BARAT,1506102005,Mekar Alam,819167000
195,10,JAMBI,1002,KAB. TANJUNG JABUNG BARAT,1506102006,Harapan Jaya,797327000
196,10,JAMBI,1002,KAB. TANJUNG JABUNG BARAT,1506102007,Kuala Kahar,730059000
197,10,JAMBI,1002,KAB. TANJUNG JABUNG BARAT,1506102008,Muara Seberang,737432000
198,10,JAMBI,1002,KAB. TANJUNG JABUNG BARAT,1506112002,Bram Itam Kanan,773298000
199,10,JAMBI,1002,KAB. TANJUNG JABUNG BARAT,1506112003,Tanjung Senjulang,699504000
200,10,JAMBI,1002,KAB. TANJUNG JABUNG BARAT,1506112004,Pembengis,1061441000
201,10,JAMBI,1002,KAB. TANJUNG JABUNG BARAT,1506112005,Bram Itam Raya,943451000
202,10,JAMBI,1002,KAB. TANJUNG JABUNG BARAT,1506112006,Pantai Gading,741260000
203,10,JAMBI,1002,KAB. TANJUNG JABUNG BARAT,1506112007,Jati Emas,736745000
204,10,JAMBI,1002,KAB. TANJUNG JABUNG BARAT,1506112008,Kemuning,742995000
205,10,JAMBI,1002,KAB. TANJUNG JABUNG BARAT,1506112009,Mekar Tanjung,716662000
206,10,JAMBI,1002,KAB. TANJUNG JABUNG BARAT,1506112010,Semau,699010000
207,10,JAMBI,1002,KAB. TANJUNG JABUNG BARAT,1506122002,Sungai Dualap,842908000
208,10,JAMBI,1002,KAB. TANJUNG JABUNG BARAT,1506122003,Betara Kanan,796377000
209,10,JAMBI,1002,KAB. TANJUNG JABUNG BARAT,1506122004,Sungai Gebar,780967000
210,10,JAMBI,1002,KAB. TANJUNG JABUNG BARAT,1506122005,Dataran Pinang,883311000
211,10,JAMBI,1002,KAB. TANJUNG JABUNG BARAT,1506122006,Tanjung Pasir,871722000
212,10,JAMBI,1002,KAB. TANJUNG JABUNG BARAT,1506122007,Sungai Gebar Barat,700213000
213,10,JAMBI,1002,KAB. TANJUNG JABUNG BARAT,1506122008,Sungai Dungun,763804000
214,10,JAMBI,1002,KAB. TANJUNG JABUNG BARAT,1506122009,Kuala Indah,764331000
215,10,JAMBI,1002,KAB. TANJUNG JABUNG BARAT,1506122010,Suak Labu,750522000
216,10,JAMBI,1002,KAB. TANJUNG JABUNG BARAT,1506132002,Sungai Kayu Aro,1189816000
217,10,JAMBI,1002,KAB. TANJUNG JABUNG BARAT,1506132003,Teluk Ketapang,884952000
218,10,JAMBI,1002,KAB. TANJUNG JABUNG BARAT,1506132004,Sungai Rambai,870051000
219,10,JAMBI,1002,KAB. TANJUNG JABUNG BARAT,1506132005,Margo Rukun,1003595000
220,10,JAMBI,1002,KAB. TANJUNG JABUNG BARAT,1506132006,Kempas Jaya,1110360000
221,10,JAMBI,1002,KAB. TANJUNG JABUNG BARAT,1506132007,Lumahan,938641000
222,10,JAMBI,1002,KAB. TANJUNG JABUNG BARAT,1506132008,Sungai Landak,1170412000
223,10,JAMBI,1002,KAB. TANJUNG JABUNG BARAT,1506132009,Sungsang,864685000
224,10,JAMBI,1002,KAB. TANJUNG JABUNG BARAT,1506132010,Sungai Kepayang,712113000
225,10,JAMBI,1003,KAB. BUNGO,1508012001,Pedukun,766945000
226,10,JAMBI,1003,KAB. BUNGO,1508012002,Lubuk Niur,669214000
227,10,JAMBI,1003,KAB. BUNGO,1508012003,Teluk Kecimbung,701142000
228,10,JAMBI,1003,KAB. BUNGO,1508012004,Tanah Tumbuh,640370000
229,10,JAMBI,1003,KAB. BUNGO,1508012005,Rambah,789211000
230,10,JAMBI,1003,KAB. BUNGO,1508012006,Tebing Tinggi Uleh,786570000
231,10,JAMBI,1003,KAB. BUNGO,1508012007,Bukit Kemang,760761000
232,10,JAMBI,1003,KAB. BUNGO,1508012008,Panjang,666016000
233,10,JAMBI,1003,KAB. BUNGO,1508012009,Perenti Luweh,791728000
234,10,JAMBI,1003,KAB. BUNGO,1508012015,Renah Jelmu,861541000
235,10,JAMBI,1003,KAB. BUNGO,1508012016,Koto Jayo,646071000
236,10,JAMBI,1003,KAB. BUNGO,1508022001,Rantau Duku,899048000
237,10,JAMBI,1003,KAB. BUNGO,1508022002,Talang Sungai Bungo,950269000
238,10,JAMBI,1003,KAB. BUNGO,1508022003,Rantau Pandan,935969000
239,10,JAMBI,1003,KAB. BUNGO,1508022004,Leban,992517000
240,10,JAMBI,1003,KAB. BUNGO,1508022005,Lubuk Kayu Aro,877501000
241,10,JAMBI,1003,KAB. BUNGO,1508022015,Lubuk Mayan,720048000
242,10,JAMBI,1003,KAB. BUNGO,1508042001,Tanjung Belit,751698000
243,10,JAMBI,1003,KAB. BUNGO,1508042002,Rantau Ikil,1166141000
244,10,JAMBI,1003,KAB. BUNGO,1508042003,Pulau Jelmu,732810000
245,10,JAMBI,1003,KAB. BUNGO,1508042004,Sirih Sekapur,898567000
246,10,JAMBI,1003,KAB. BUNGO,1508042005,Ujung Tanjung,798704000
247,10,JAMBI,1003,KAB. BUNGO,1508042007,Jumbak,688307000
248,10,JAMBI,1003,KAB. BUNGO,1508042009,Rantau Panjang,740355000
249,10,JAMBI,1003,KAB. BUNGO,1508042013,Talang Pamesun,970865000
250,10,JAMBI,1003,KAB. BUNGO,1508042014,Baru Balai Panjang,755797000
251,10,JAMBI,1003,KAB. BUNGO,1508042015,Sirih Sekapur Perkembangan,828969000
252,10,JAMBI,1003,KAB. BUNGO,1508052001,Teluk Pandak,929978000
253,10,JAMBI,1003,KAB. BUNGO,1508052003,Empelu,1045746000
254,10,JAMBI,1003,KAB. BUNGO,1508052006,Pasar Lubuk Landai,989002000
255,10,JAMBI,1003,KAB. BUNGO,1508052007,Sungai Gambir,825536000
256,10,JAMBI,1003,KAB. BUNGO,1508052009,Candi,823760000
257,10,JAMBI,1003,KAB. BUNGO,1508052010,Tanjung,980215000
258,10,JAMBI,1003,KAB. BUNGO,1508052012,Tanah Bekali,908466000
259,10,JAMBI,1003,KAB. BUNGO,1508052015,Telentam,800107000
260,10,JAMBI,1003,KAB. BUNGO,1508052017,Pasar Rantau Embacang,729518000
261,10,JAMBI,1003,KAB. BUNGO,1508052019,Tenam,672577000
262,10,JAMBI,1003,KAB. BUNGO,1508062001,Baru Pelepat,847395000
263,10,JAMBI,1003,KAB. BUNGO,1508062002,Dwi Karya Bakti,987466000
264,10,JAMBI,1003,KAB. BUNGO,1508062003,Rantau Keloyang,968106000
265,10,JAMBI,1003,KAB. BUNGO,1508062004,Balai Jaya,745039000
266,10,JAMBI,1003,KAB. BUNGO,1508062005,Rantel,748207000
267,10,JAMBI,1003,KAB. BUNGO,1508062006,Senamat,1136758000
268,10,JAMBI,1003,KAB. BUNGO,1508062007,Sungai Beringin,918481000
269,10,JAMBI,1003,KAB. BUNGO,1508062008,Sungai Gurun,749546000
270,10,JAMBI,1003,KAB. BUNGO,1508062009,Batu Kerbau,997397000
271,10,JAMBI,1003,KAB. BUNGO,1508062010,Gapura Suci,858119000
272,10,JAMBI,1003,KAB. BUNGO,1508062011,Mulya Bakti,757974000
273,10,JAMBI,1003,KAB. BUNGO,1508062012,Mulya Jaya,801582000
274,10,JAMBI,1003,KAB. BUNGO,1508062013,Cilodang,754655000
275,10,JAMBI,1003,KAB. BUNGO,1508062014,Bukit Telago,903384000
276,10,JAMBI,1003,KAB. BUNGO,1508062015,Sekampil,881190000
277,10,JAMBI,1003,KAB. BUNGO,1508072001,Tanjung Bungo,651129000
278,10,JAMBI,1003,KAB. BUNGO,1508072002,Tuo Lbk. Mengkuang,648486000
279,10,JAMBI,1003,KAB. BUNGO,1508072003,Pauh Agung,720543000
280,10,JAMBI,1003,KAB. BUNGO,1508072004,Tuo Limbur,712478000
281,10,JAMBI,1003,KAB. BUNGO,1508072005,Renah Sungai Besar,782769000
282,10,JAMBI,1003,KAB. BUNGO,1508072006,Muaro Tebo Pandak,625782000
283,10,JAMBI,1003,KAB. BUNGO,1508072007,Rantau Tipu,738646000
284,10,JAMBI,1003,KAB. BUNGO,1508072008,Baru Lbk. Mengkuang,694821000
285,10,JAMBI,1003,KAB. BUNGO,1508072009,Lbk. Tanah Terban,739416000
286,10,JAMBI,1003,KAB. BUNGO,1508072010,Pemunyian,907650000
287,10,JAMBI,1003,KAB. BUNGO,1508072011,Renah Sungai Ipuh,730524000
288,10,JAMBI,1003,KAB. BUNGO,1508072012,Tebo Jaya,729704000
289,10,JAMBI,1003,KAB. BUNGO,1508072013,Sekar Mengkuang,719760000
290,10,JAMBI,1003,KAB. BUNGO,1508072014,Limbur Baru,751826000
291,10,JAMBI,1003,KAB. BUNGO,1508082001,Mangun Jayo,800296000
292,10,JAMBI,1003,KAB. BUNGO,1508082002,Tanjung Agung,881018000
293,10,JAMBI,1003,KAB. BUNGO,1508082003,Tebat,801917000
294,10,JAMBI,1003,KAB. BUNGO,1508082004,Baru Pusat Jalo,667916000
295,10,JAMBI,1003,KAB. BUNGO,1508082005,Bedaro,1017792000
296,10,JAMBI,1003,KAB. BUNGO,1508082006,Tebing Tinggi,728581000
297,10,JAMBI,1003,KAB. BUNGO,1508082007,Datar,774477000
298,10,JAMBI,1003,KAB. BUNGO,1508082008,Suka Jaya,679786000
299,10,JAMBI,1003,KAB. BUNGO,1508082009,Pekan Jum'at,803692000
300,10,JAMBI,1003,KAB. BUNGO,1508092001,Koto Jayo,1071921000
301,10,JAMBI,1003,KAB. BUNGO,1508092002,Danau,1080408000
302,10,JAMBI,1003,KAB. BUNGO,1508092003,Muara Kuamang,968431000
303,10,JAMBI,1003,KAB. BUNGO,1508092004,Lubuk,721225000
304,10,JAMBI,1003,KAB. BUNGO,1508092005,Purwosari,1018931000
305,10,JAMBI,1003,KAB. BUNGO,1508092006,Lembah Kuamang,864066000
306,10,JAMBI,1003,KAB. BUNGO,1508092007,Sumber Harapan,1100598000
307,10,JAMBI,1003,KAB. BUNGO,1508092008,Daya Murni,818792000
308,10,JAMBI,1003,KAB. BUNGO,1508092009,Sumber Mulya,956693000
309,10,JAMBI,1003,KAB. BUNGO,1508092010,Maju Jaya,1002627000
310,10,JAMBI,1003,KAB. BUNGO,1508092011,Tirta Mulya,1024169000
311,10,JAMBI,1003,KAB. BUNGO,1508092012,Lingga Kuamang,918315000
312,10,JAMBI,1003,KAB. BUNGO,1508092013,Bangun Harjo,1063573000
313,10,JAMBI,1003,KAB. BUNGO,1508092014,Kuning gading,833146000
314,10,JAMBI,1003,KAB. BUNGO,1508092015,Kuamang Jaya,773813000
315,10,JAMBI,1003,KAB. BUNGO,1508092016,Karya Harapan Mukti,830361000
316,10,JAMBI,1003,KAB. BUNGO,1508092017,Padang Palangeh,975416000
317,10,JAMBI,1003,KAB. BUNGO,1508102001,Tanjung Menanti,824369000
318,10,JAMBI,1003,KAB. BUNGO,1508102002,Babeko,812984000
319,10,JAMBI,1003,KAB. BUNGO,1508102003,Sepunggur,971067000
320,10,JAMBI,1003,KAB. BUNGO,1508102004,Simpang Bebeko,893200000
321,10,JAMBI,1003,KAB. BUNGO,1508102005,Suka Makmur,740662000
322,10,JAMBI,1003,KAB. BUNGO,1508102006,Tuo Sepunggur,844653000
323,10,JAMBI,1003,KAB. BUNGO,1508112002,Lubuk Benteng,871798000
324,10,JAMBI,1003,KAB. BUNGO,1508112005,Air Gemuruh,786592000
325,10,JAMBI,1003,KAB. BUNGO,1508112006,Purwo Bakti,1024509000
326,10,JAMBI,1003,KAB. BUNGO,1508112007,Sarana Jaya,824359000
327,10,JAMBI,1003,KAB. BUNGO,1508112008,Teluk Panjang,814914000
328,10,JAMBI,1003,KAB. BUNGO,1508122003,Talang Pantai,863356000
329,10,JAMBI,1003,KAB. BUNGO,1508122004,Sungai Arang,924242000
330,10,JAMBI,1003,KAB. BUNGO,1508122005,Pulau Pekan,667539000
331,10,JAMBI,1003,KAB. BUNGO,1508132003,Sungai Mengkuang,1498709000
332,10,JAMBI,1003,KAB. BUNGO,1508132004,Sungai Buluh,981417000
333,10,JAMBI,1003,KAB. BUNGO,1508142001,Muara Buat,679250000
334,10,JAMBI,1003,KAB. BUNGO,1508142002,Buat,822667000
335,10,JAMBI,1003,KAB. BUNGO,1508142003,Laman Panjang,693638000
336,10,JAMBI,1003,KAB. BUNGO,1508142004,Karak Apung,831300000
337,10,JAMBI,1003,KAB. BUNGO,1508142005,Timbolasi,712691000
338,10,JAMBI,1003,KAB. BUNGO,1508142006,Senamat Ulu,863980000
339,10,JAMBI,1003,KAB. BUNGO,1508142007,Aur Cino,963922000
340,10,JAMBI,1003,KAB. BUNGO,1508142008,Lubuk Beringin,718154000
341,10,JAMBI,1003,KAB. BUNGO,1508142009,Sungai Telang,923546000
342,10,JAMBI,1003,KAB. BUNGO,1508152001,Pelayang,801082000
343,10,JAMBI,1003,KAB. BUNGO,1508152002,Peninjau,904427000
344,10,JAMBI,1003,KAB. BUNGO,1508152003,Talang Silungko,876449000
345,10,JAMBI,1003,KAB. BUNGO,1508152004,Pulau Kerakap,710275000
346,10,JAMBI,1003,KAB. BUNGO,1508152005,Seberang Jaya,759548000
347,10,JAMBI,1003,KAB. BUNGO,1508162001,Tepian Danto,730485000
348,10,JAMBI,1003,KAB. BUNGO,1508162002,Aur Gading,872948000
349,10,JAMBI,1003,KAB. BUNGO,1508162003,Pulau Batu,804871000
350,10,JAMBI,1003,KAB. BUNGO,1508162004,Sari Mulya,785058000
351,10,JAMBI,1003,KAB. BUNGO,1508162005,Bukit Sari,743328000
352,10,JAMBI,1003,KAB. BUNGO,1508162006,Lubuk Tenam,750822000
353,10,JAMBI,1003,KAB. BUNGO,1508162007,Kuamang,602997000
354,10,JAMBI,1003,KAB. BUNGO,1508172001,Sungai Mancur,702646000
355,10,JAMBI,1003,KAB. BUNGO,1508172002,Tanah Periuk,963575000
356,10,JAMBI,1003,KAB. BUNGO,1508172003,Lubuk Landai,1520128000
357,10,JAMBI,1003,KAB. BUNGO,1508172004,Rantau Embacang,769184000
358,10,JAMBI,1003,KAB. BUNGO,1508172005,Tebing Tinggi,730833000
359,10,JAMBI,1003,KAB. BUNGO,1508172006,Embacang Gedang,700714000
360,10,JAMBI,1003,KAB. BUNGO,1508172007,Sungai Puri,745476000
361,10,JAMBI,1003,KAB. BUNGO,1508172008,Paku Aji,689702000
362,10,JAMBI,1003,KAB. BUNGO,1508172009,Pematang Panjang,722545000
363,10,JAMBI,1003,KAB. BUNGO,1508172010,Sungai Lilin,985494000
364,10,JAMBI,1003,KAB. BUNGO,1508172011,Sungai Tembang,767663000
365,10,JAMBI,1003,KAB. BUNGO,1508172012,Rantau Makmur,760343000
366,10,JAMBI,1004,KAB. SAROLANGUN,1503012001,Tambak Ratu,663216000
367,10,JAMBI,1004,KAB. SAROLANGUN,1503012002,Sungai Keradak,676368000
368,10,JAMBI,1004,KAB. SAROLANGUN,1503012003,Muaro Air Dua,673368000
369,10,JAMBI,1004,KAB. SAROLANGUN,1503012004,Simpang Narso,934661000
370,10,JAMBI,1004,KAB. SAROLANGUN,1503012005,Batin Pengambang,925729000
371,10,JAMBI,1004,KAB. SAROLANGUN,1503012006,Batu Empang,776594000
372,10,JAMBI,1004,KAB. SAROLANGUN,1503012007,Rantau Panjang,954241000
373,10,JAMBI,1004,KAB. SAROLANGUN,1503012008,P. Salak Baru,693707000
374,10,JAMBI,1004,KAB. SAROLANGUN,1503012009,Muaro Pemuat,776581000
375,10,JAMBI,1004,KAB. SAROLANGUN,1503012010,Lubuk Bangkar,821550000
376,10,JAMBI,1004,KAB. SAROLANGUN,1503012011,Pekan Gedang,656694000
377,10,JAMBI,1004,KAB. SAROLANGUN,1503012012,Raden Anom,816748000
378,10,JAMBI,1004,KAB. SAROLANGUN,1503012013,Datuk Nan Duo,773440000
379,10,JAMBI,1004,KAB. SAROLANGUN,1503012014,Bukit Kalimau Ulu,726598000
380,10,JAMBI,1004,KAB. SAROLANGUN,1503012015,Sungai Bemban,780432000
381,10,JAMBI,1004,KAB. SAROLANGUN,1503012016,Muara Cuban,928953000
382,10,JAMBI,1004,KAB. SAROLANGUN,1503012017,Sungai Baung,680826000
383,10,JAMBI,1004,KAB. SAROLANGUN,1503012018,Padang Jering,775221000
384,10,JAMBI,1004,KAB. SAROLANGUN,1503012019,Kasiro,739980000
385,10,JAMBI,1004,KAB. SAROLANGUN,1503012020,Kasiro Hilir,715360000
386,10,JAMBI,1004,KAB. SAROLANGUN,1503012021,Bukit Berantai,848520000
387,10,JAMBI,1004,KAB. SAROLANGUN,1503012022,Bukit Sulah,867847000
388,10,JAMBI,1004,KAB. SAROLANGUN,1503012023,Paniban Baru,659660000
389,10,JAMBI,1004,KAB. SAROLANGUN,1503022005,Pulau Pandan,822572000
390,10,JAMBI,1004,KAB. SAROLANGUN,1503022006,Temenggung,874587000
391,10,JAMBI,1004,KAB. SAROLANGUN,1503022007,Ranggo,885531000
392,10,JAMBI,1004,KAB. SAROLANGUN,1503022008,Panca Karya,747796000
393,10,JAMBI,1004,KAB. SAROLANGUN,1503022009,Lubuk Bedorong,727915000
394,10,JAMBI,1004,KAB. SAROLANGUN,1503022010,Maribung,757532000
395,10,JAMBI,1004,KAB. SAROLANGUN,1503022011,Napal Melintang,951499000
396,10,JAMBI,1004,KAB. SAROLANGUN,1503022012,Berkun,928936000
397,10,JAMBI,1004,KAB. SAROLANGUN,1503022013,Mersip,1070622000
398,10,JAMBI,1004,KAB. SAROLANGUN,1503022014,Tanjung Raden,791079000
399,10,JAMBI,1004,KAB. SAROLANGUN,1503022016,Moenti,729987000
400,10,JAMBI,1004,KAB. SAROLANGUN,1503022017,Muara Mensao,797835000
401,10,JAMBI,1004,KAB. SAROLANGUN,1503022018,Demang,708274000
402,10,JAMBI,1004,KAB. SAROLANGUN,1503022021,Temalang,672603000
403,10,JAMBI,1004,KAB. SAROLANGUN,1503022022,Muara Limun,703696000
404,10,JAMBI,1004,KAB. SAROLANGUN,1503022023,Suka Damai,1011815000
405,10,JAMBI,1004,KAB. SAROLANGUN,1503032002,Bernai,1025530000
406,10,JAMBI,1004,KAB. SAROLANGUN,1503032003,Sungai Baung,816804000
407,10,JAMBI,1004,KAB. SAROLANGUN,1503032004,Panti,831064000
408,10,JAMBI,1004,KAB. SAROLANGUN,1503032005,Tinting,779857000
409,10,JAMBI,1004,KAB. SAROLANGUN,1503032006,Sungai Abang,730662000
410,10,JAMBI,1004,KAB. SAROLANGUN,1503032013,Lidung,919818000
411,10,JAMBI,1004,KAB. SAROLANGUN,1503032014,Ladang Panjang,955149000
412,10,JAMBI,1004,KAB. SAROLANGUN,1503032024,Baru,732012000
413,10,JAMBI,1004,KAB. SAROLANGUN,1503032027,Ujung Tanjung,661030000
414,10,JAMBI,1004,KAB. SAROLANGUN,1503032028,Bernai Dalam,969383000
415,10,JAMBI,1004,KAB. SAROLANGUN,1503042001,Pangidaran,748152000
416,10,JAMBI,1004,KAB. SAROLANGUN,1503042002,Karang Mendapo,1174679000
417,10,JAMBI,1004,KAB. SAROLANGUN,1503042003,Batu Ampar,731046000
418,10,JAMBI,1004,KAB. SAROLANGUN,1503042004,Batu Kucing,727486000
419,10,JAMBI,1004,KAB. SAROLANGUN,1503042006,Semaran,789221000
420,10,JAMBI,1004,KAB. SAROLANGUN,1503042007,Kasang Melintang,1049578000
421,10,JAMBI,1004,KAB. SAROLANGUN,1503042008,Pangkal Bulian,776935000
422,10,JAMBI,1004,KAB. SAROLANGUN,1503042009,Lubuk Napal,842884000
423,10,JAMBI,1004,KAB. SAROLANGUN,1503042010,Sepintun,853729000
424,10,JAMBI,1004,KAB. SAROLANGUN,1503042011,Lamban Sigatal,1037338000
425,10,JAMBI,1004,KAB. SAROLANGUN,1503042020,Seko Besar,784550000
426,10,JAMBI,1004,KAB. SAROLANGUN,1503042021,Taman Bandung,959883000
427,10,JAMBI,1004,KAB. SAROLANGUN,1503042022,Danau Serdang,711171000
428,10,JAMBI,1004,KAB. SAROLANGUN,1503052001,Penegah,781410000
429,10,JAMBI,1004,KAB. SAROLANGUN,1503052002,Pelawan,754917000
430,10,JAMBI,1004,KAB. SAROLANGUN,1503052003,Pulauaro,780556000
431,10,JAMBI,1004,KAB. SAROLANGUN,1503052004,Bukit,824306000
432,10,JAMBI,1004,KAB. SAROLANGUN,1503052005,Lubuk Sepuh,1048928000
433,10,JAMBI,1004,KAB. SAROLANGUN,1503052006,Rantanu Tenang,768596000
434,10,JAMBI,1004,KAB. SAROLANGUN,1503052007,Muara Danau,782863000
435,10,JAMBI,1004,KAB. SAROLANGUN,1503052013,Sungai Merah,994318000
436,10,JAMBI,1004,KAB. SAROLANGUN,1503052016,Pematang Kulim,993868000
437,10,JAMBI,1004,KAB. SAROLANGUN,1503052017,Batu Putih,890950000
438,10,JAMBI,1004,KAB. SAROLANGUN,1503052019,Mekarsari,1295654000
439,10,JAMBI,1004,KAB. SAROLANGUN,1503052021,Pasar Pelawan,848167000
440,10,JAMBI,1004,KAB. SAROLANGUN,1503052022,Pelawan Jaya,773129000
441,10,JAMBI,1004,KAB. SAROLANGUN,1503052023,Lubuk Sayak,720838000
442,10,JAMBI,1004,KAB. SAROLANGUN,1503062001,Mandiangin,857291000
443,10,JAMBI,1004,KAB. SAROLANGUN,1503062002,Rangkiling Simpang,777316000
444,10,JAMBI,1004,KAB. SAROLANGUN,1503062003,Pemusiran,1458501000
445,10,JAMBI,1004,KAB. SAROLANGUN,1503062004,Gurun Tuo Simpang,960878000
446,10,JAMBI,1004,KAB. SAROLANGUN,1503062005,Gurun Mudo,711531000
447,10,JAMBI,1004,KAB. SAROLANGUN,1503062006,Gurun Tuo,770405000
448,10,JAMBI,1004,KAB. SAROLANGUN,1503062007,Rangkiling,682120000
449,10,JAMBI,1004,KAB. SAROLANGUN,1503062008,Mandainangin Tuo,786265000
450,10,JAMBI,1004,KAB. SAROLANGUN,1503062009,Kertopati,885976000
451,10,JAMBI,1004,KAB. SAROLANGUN,1503062010,Muaro Ketalo,720363000
452,10,JAMBI,1004,KAB. SAROLANGUN,1503062011,Taman Dewa,738197000
453,10,JAMBI,1004,KAB. SAROLANGUN,1503062012,Simpang Kertopati,655117000
454,10,JAMBI,1004,KAB. SAROLANGUN,1503062013,Bukitperanginan,751664000
455,10,JAMBI,1004,KAB. SAROLANGUN,1503062020,Gurun Baru,777645000
456,10,JAMBI,1004,KAB. SAROLANGUN,1503062021,Kute Jaye,867341000
457,10,JAMBI,1004,KAB. SAROLANGUN,1503062022,Mandiangin Pasar,914866000
458,10,JAMBI,1004,KAB. SAROLANGUN,1503062023,Sungai Rotan,812049000
459,10,JAMBI,1004,KAB. SAROLANGUN,1503062028,Talang Serdang,712449000
460,10,JAMBI,1004,KAB. SAROLANGUN,1503072001,Lubuk Jering,852784000
461,10,JAMBI,1004,KAB. SAROLANGUN,1503072002,Jernih,1166198000
462,10,JAMBI,1004,KAB. SAROLANGUN,1503072003,Desa Baru,902724000
463,10,JAMBI,1004,KAB. SAROLANGUN,1503072004,Semurung,819013000
464,10,JAMBI,1004,KAB. SAROLANGUN,1503072005,Lubuk Kepayang,785749000
465,10,JAMBI,1004,KAB. SAROLANGUN,1503072006,Pematang Kabau,1226190000
466,10,JAMBI,1004,KAB. SAROLANGUN,1503072007,Bukit Suban,1131374000
467,10,JAMBI,1004,KAB. SAROLANGUN,1503072008,Mentawak Baru,1143451000
468,10,JAMBI,1004,KAB. SAROLANGUN,1503072009,Mentawak Ulu,935782000
469,10,JAMBI,1004,KAB. SAROLANGUN,1503082001,Rantau Gedang,857847000
470,10,JAMBI,1004,KAB. SAROLANGUN,1503082002,Penarun,933838000
471,10,JAMBI,1004,KAB. SAROLANGUN,1503082003,Pulau Lintang,716037000
472,10,JAMBI,1004,KAB. SAROLANGUN,1503082004,Tanjung,800173000
473,10,JAMBI,1004,KAB. SAROLANGUN,1503082005,Bangun Jayo,921090000
474,10,JAMBI,1004,KAB. SAROLANGUN,1503082006,Teluk kecimbung,804370000
475,10,JAMBI,1004,KAB. SAROLANGUN,1503082007,Pulaumelako,699292000
476,10,JAMBI,1004,KAB. SAROLANGUN,1503082008,Batu Penyabung,945301000
477,10,JAMBI,1004,KAB. SAROLANGUN,1503082009,Tanjunggagak,705076000
478,10,JAMBI,1004,KAB. SAROLANGUN,1503082010,Pulaubuayo,973545000
479,10,JAMBI,1004,KAB. SAROLANGUN,1503082012,Dusun Dalam,1023546000
480,10,JAMBI,1004,KAB. SAROLANGUN,1503082013,Muaralati,622947000
481,10,JAMBI,1004,KAB. SAROLANGUN,1503082014,Suka Jadi,898302000
482,10,JAMBI,1004,KAB. SAROLANGUN,1503082015,Teluk Mancur,615079000
483,10,JAMBI,1004,KAB. SAROLANGUN,1503092002,Bukittigo,988885000
484,10,JAMBI,1004,KAB. SAROLANGUN,1503092003,Sungaigedang,1304609000
485,10,JAMBI,1004,KAB. SAROLANGUN,1503092004,Payo Lebar,1207862000
486,10,JAMBI,1004,KAB. SAROLANGUN,1503092005,Bukitmurau,773692000
487,10,JAMBI,1004,KAB. SAROLANGUN,1503092006,Perdamaian,748688000
488,10,JAMBI,1004,KAB. SAROLANGUN,1503092007,Pasar Singkut,1159770000
489,10,JAMBI,1004,KAB. SAROLANGUN,1503092008,Siliwangi,1114102000
490,10,JAMBI,1004,KAB. SAROLANGUN,1503092009,Simpang Nibung,875222000
491,10,JAMBI,1004,KAB. SAROLANGUN,1503092010,Bukit Talang Mas,858488000
492,10,JAMBI,1004,KAB. SAROLANGUN,1503092011,Bukit Bumi Raya,984851000
493,10,JAMBI,1004,KAB. SAROLANGUN,1503092012,Argo Sari,754972000
494,10,JAMBI,1004,KAB. SAROLANGUN,1503092013,Sendang Sari,777024000
495,10,JAMBI,1004,KAB. SAROLANGUN,1503102001,Kampung Tujuh,801899000
496,10,JAMBI,1004,KAB. SAROLANGUN,1503102002,Lubuk Resam,845100000
497,10,JAMBI,1004,KAB. SAROLANGUN,1503102003,Telukrendah,758661000
498,10,JAMBI,1004,KAB. SAROLANGUN,1503102004,Teluktigo,727474000
499,10,JAMBI,1004,KAB. SAROLANGUN,1503102005,Lubuk Resam Hilir,834784000
500,10,JAMBI,1004,KAB. SAROLANGUN,1503102006,Pemuncak,891939000
501,10,JAMBI,1004,KAB. SAROLANGUN,1503102007,Tambang Tinggi,765245000
502,10,JAMBI,1004,KAB. SAROLANGUN,1503102008,Tendah,733306000
503,10,JAMBI,1004,KAB. SAROLANGUN,1503102009,Sungaikeramat,707642000
504,10,JAMBI,1004,KAB. SAROLANGUN,1503102010,Sekamis,687050000
505,10,JAMBI,1004,KAB. SAROLANGUN,1503112001,Guruh Baru,1026280000
506,10,JAMBI,1004,KAB. SAROLANGUN,1503112002,Petiduran Baru,779490000
507,10,JAMBI,1004,KAB. SAROLANGUN,1503112003,Sungai Butang,925103000
508,10,JAMBI,1004,KAB. SAROLANGUN,1503112004,Butang Baru,917794000
509,10,JAMBI,1004,KAB. SAROLANGUN,1503112005,Suka Maju,750637000
510,10,JAMBI,1004,KAB. SAROLANGUN,1503112006,Jati Baru,668461000
511,10,JAMBI,1004,KAB. SAROLANGUN,1503112007,Jati Baru Mudo,710894000
512,10,JAMBI,1004,KAB. SAROLANGUN,1503112008,Meranti Baru,656147000
513,10,JAMBI,1004,KAB. SAROLANGUN,1503112009,Meranti Jaya,951229000
514,10,JAMBI,1004,KAB. SAROLANGUN,1503112010,Jernang Baru,891610000
515,10,JAMBI,1005,KAB. KERINCI,1501012001,Selam Paung,764781000
516,10,JAMBI,1005,KAB. KERINCI,1501012002,Air Mumu,843041000
517,10,JAMBI,1005,KAB. KERINCI,1501012003,Lempur Mudik,946412000
518,10,JAMBI,1005,KAB. KERINCI,1501012005,Masgo,828301000
519,10,JAMBI,1005,KAB. KERINCI,1501012006,Lempur Hilir,909330000
520,10,JAMBI,1005,KAB. KERINCI,1501012011,Kebun Baru,662541000
521,10,JAMBI,1005,KAB. KERINCI,1501012012,Perikan Tengah,820538000
522,10,JAMBI,1005,KAB. KERINCI,1501012013,Dusun Baru Lempur,727218000
523,10,JAMBI,1005,KAB. KERINCI,1501012016,Sungaihangat,690799000
524,10,JAMBI,1005,KAB. KERINCI,1501012018,Manjunto Lempur,601765000
525,10,JAMBI,1005,KAB. KERINCI,1501012019,Kebun Lima,652799000
526,10,JAMBI,1005,KAB. KERINCI,1501022001,Sanggaran Agung,633256000
527,10,JAMBI,1005,KAB. KERINCI,1501022002,Kota Baru Sanggaran Agung,696389000
528,10,JAMBI,1005,KAB. KERINCI,1501022003,Pendung Talang Genting,972405000
529,10,JAMBI,1005,KAB. KERINCI,1501022004,Seleman,661301000
530,10,JAMBI,1005,KAB. KERINCI,1501022005,Tebing Tinggi,734731000
531,10,JAMBI,1005,KAB. KERINCI,1501022006,Cupak,675538000
532,10,JAMBI,1005,KAB. KERINCI,1501022007,Tanjungtanah,732322000
533,10,JAMBI,1005,KAB. KERINCI,1501022008,Koto Tengah,819275000
534,10,JAMBI,1005,KAB. KERINCI,1501022013,Simpang Empat,628845000
535,10,JAMBI,1005,KAB. KERINCI,1501022014,Talang Kemulun,702293000
536,10,JAMBI,1005,KAB. KERINCI,1501022015,Dusun Baru Tanjung Tanah,666227000
537,10,JAMBI,1005,KAB. KERINCI,1501022016,Pasar Sore Seleman,651135000
538,10,JAMBI,1005,KAB. KERINCI,1501022018,Tanjungharapan,646066000
539,10,JAMBI,1005,KAB. KERINCI,1501042008,Hiang Tinggi,626000000
540,10,JAMBI,1005,KAB. KERINCI,1501042009,Ambai Atas,1016743000
541,10,JAMBI,1005,KAB. KERINCI,1501042010,Tanjungmudo,661755000
542,10,JAMBI,1005,KAB. KERINCI,1501042011,Pendung Tengah,601961000
543,10,JAMBI,1005,KAB. KERINCI,1501042012,Pendung Hilir,579620000
544,10,JAMBI,1005,KAB. KERINCI,1501042013,Koto Baru Hiang,715477000
545,10,JAMBI,1005,KAB. KERINCI,1501042014,Betung Kuning,692472000
546,10,JAMBI,1005,KAB. KERINCI,1501042026,Ambai Bawah,756609000
547,10,JAMBI,1005,KAB. KERINCI,1501042028,Hiang Karya,660586000
548,10,JAMBI,1005,KAB. KERINCI,1501042029,Hiang Lestari,659752000
549,10,JAMBI,1005,KAB. KERINCI,1501042030,Angkasa Pura,623396000
550,10,JAMBI,1005,KAB. KERINCI,1501042031,Hiang Sakti,691911000
551,10,JAMBI,1005,KAB. KERINCI,1501042033,Koto Sekilan Ambai,687847000
552,10,JAMBI,1005,KAB. KERINCI,1501042034,Penawar Tinggi,593778000
553,10,JAMBI,1005,KAB. KERINCI,1501052002,Baru Semurup,633205000
554,10,JAMBI,1005,KAB. KERINCI,1501052004,Koto Dua Lama,681696000
555,10,JAMBI,1005,KAB. KERINCI,1501052012,Koto Di  Air,660771000
556,10,JAMBI,1005,KAB. KERINCI,1501052013,Pasar Semurup,588067000
557,10,JAMBI,1005,KAB. KERINCI,1501052014,Balai,610127000
558,10,JAMBI,1005,KAB. KERINCI,1501052015,Koto Majidin Hilir,684247000
559,10,JAMBI,1005,KAB. KERINCI,1501052016,Pendung Hilir,690496000
560,10,JAMBI,1005,KAB. KERINCI,1501052018,Pendung Mudik,697040000
561,10,JAMBI,1005,KAB. KERINCI,1501052022,Air Tenang,640884000
562,10,JAMBI,1005,KAB. KERINCI,1501052024,Muara Semerah,641649000
563,10,JAMBI,1005,KAB. KERINCI,1501052029,Koto Majidin Mudik,675704000
564,10,JAMBI,1005,KAB. KERINCI,1501052035,Muara Semerah Mudik,658992000
565,10,JAMBI,1005,KAB. KERINCI,1501052036,Sawahan Koto Majidin,680185000
566,10,JAMBI,1005,KAB. KERINCI,1501052037,Sawahan Jaya,859895000
567,10,JAMBI,1005,KAB. KERINCI,1501052038,Koto Majidin Di Air,674607000
568,10,JAMBI,1005,KAB. KERINCI,1501052039,Pendung Tengah,916871000
569,10,JAMBI,1005,KAB. KERINCI,1501062010,Sungaibetung Hilir,933593000
570,10,JAMBI,1005,KAB. KERINCI,1501062011,Sungaibatu Gantih,729577000
571,10,JAMBI,1005,KAB. KERINCI,1501062012,Tanjunggenting,950906000
572,10,JAMBI,1005,KAB. KERINCI,1501062013,Simpang Tutup,695722000
573,10,JAMBI,1005,KAB. KERINCI,1501062014,Suko Pangkat,722897000
574,10,JAMBI,1005,KAB. KERINCI,1501062015,Sungaibetung Mudik,726768000
575,10,JAMBI,1005,KAB. KERINCI,1501062016,Danautinggi,832072000
576,10,JAMBI,1005,KAB. KERINCI,1501062017,Sungaigelampeh,750673000
577,10,JAMBI,1005,KAB. KERINCI,1501062018,Siulak Deras Mudik,679064000
578,10,JAMBI,1005,KAB. KERINCI,1501062019,Siulak Tenang,754708000
579,10,JAMBI,1005,KAB. KERINCI,1501062039,Sungai Batu Gantih Hilir,753889000
580,10,JAMBI,1005,KAB. KERINCI,1501062040,Baru Sungai Betung Mudik,739999000
581,10,JAMBI,1005,KAB. KERINCI,1501062041,Tanjunggenting Mudik,969039000
582,10,JAMBI,1005,KAB. KERINCI,1501062042,Air Betung,663761000
583,10,JAMBI,1005,KAB. KERINCI,1501062043,Ujung Ladang,610235000
584,10,JAMBI,1005,KAB. KERINCI,1501072004,Tarutung,748391000
585,10,JAMBI,1005,KAB. KERINCI,1501072006,Lubuk Paku,730201000
586,10,JAMBI,1005,KAB. KERINCI,1501072007,Tamiai,916145000
587,10,JAMBI,1005,KAB. KERINCI,1501072008,Pematang Lingkung,760281000
588,10,JAMBI,1005,KAB. KERINCI,1501072009,Pasar Tamiai,728044000
589,10,JAMBI,1005,KAB. KERINCI,1501072010,Seberang Merangin,683947000
590,10,JAMBI,1005,KAB. KERINCI,1501072011,Baru Pulau Sangkar,794982000
591,10,JAMBI,1005,KAB. KERINCI,1501072013,Batang Merangin,760653000
592,10,JAMBI,1005,KAB. KERINCI,1501072014,Muara Hemat,700168000
593,10,JAMBI,1005,KAB. KERINCI,1501082001,Jujun,684220000
594,10,JAMBI,1005,KAB. KERINCI,1501082002,Talang Lindung,620593000
595,10,JAMBI,1005,KAB. KERINCI,1501082003,Keluru,650520000
596,10,JAMBI,1005,KAB. KERINCI,1501082004,Pidung,615354000
597,10,JAMBI,1005,KAB. KERINCI,1501082005,Tanjungbatu,872821000
598,10,JAMBI,1005,KAB. KERINCI,1501082006,Benik,665652000
599,10,JAMBI,1005,KAB. KERINCI,1501082007,Kt Tuo P. Tengah,991361000
600,10,JAMBI,1005,KAB. KERINCI,1501082008,Kt. Dian P. Tengah,683414000
601,10,JAMBI,1005,KAB. KERINCI,1501082012,Lempur Danau,645555000
602,10,JAMBI,1005,KAB. KERINCI,1501082013,Dsn. Baru P. Tengah,675063000
603,10,JAMBI,1005,KAB. KERINCI,1501082018,Telago,659283000
604,10,JAMBI,1005,KAB. KERINCI,1501082019,Koto Agung,673225000
605,10,JAMBI,1005,KAB. KERINCI,1501082022,Pulautengah,629077000
606,10,JAMBI,1005,KAB. KERINCI,1501082023,Koto Baru,670342000
607,10,JAMBI,1005,KAB. KERINCI,1501082025,Jembatan Merah Pulau Tengah,585186000
608,10,JAMBI,1005,KAB. KERINCI,1501082026,Limok Manaih Pulau Tengah,677297000
609,10,JAMBI,1005,KAB. KERINCI,1501082027,Pasar Jujun,600729000
610,10,JAMBI,1005,KAB. KERINCI,1501082028,Pancuran Bangko,667832000
611,10,JAMBI,1005,KAB. KERINCI,1501092010,Koto Tuo,683895000
612,10,JAMBI,1005,KAB. KERINCI,1501092011,Sungaitanduk,748486000
613,10,JAMBI,1005,KAB. KERINCI,1501092012,Kersik Tuo,739583000
614,10,JAMBI,1005,KAB. KERINCI,1501092013,Sangir,672842000
615,10,JAMBI,1005,KAB. KERINCI,1501092014,Koto Baru,650933000
616,10,JAMBI,1005,KAB. KERINCI,1501092015,Koto Panjang,702302000
617,10,JAMBI,1005,KAB. KERINCI,1501092016,Koto Tengah,718904000
618,10,JAMBI,1005,KAB. KERINCI,1501092017,Sungaibendung Air,702007000
619,10,JAMBI,1005,KAB. KERINCI,1501092022,Sungaisampun,611647000
620,10,JAMBI,1005,KAB. KERINCI,1501092024,Bedeng Baru,627840000
621,10,JAMBI,1005,KAB. KERINCI,1501092025,Batang Sangir,960978000
622,10,JAMBI,1005,KAB. KERINCI,1501092030,Sungaidalam,721569000
623,10,JAMBI,1005,KAB. KERINCI,1501092038,Koto Periang,886714000
624,10,JAMBI,1005,KAB. KERINCI,1501092039,Lindung Jaya,649703000
625,10,JAMBI,1005,KAB. KERINCI,1501092041,Renah Kasah,646041000
626,10,JAMBI,1005,KAB. KERINCI,1501092042,Pasar Sungai Tanduk,655332000
627,10,JAMBI,1005,KAB. KERINCI,1501092043,Mekar Sari,709852000
628,10,JAMBI,1005,KAB. KERINCI,1501092045,Mekar Jaya,753492000
629,10,JAMBI,1005,KAB. KERINCI,1501092047,Sangir Tengah,676669000
630,10,JAMBI,1005,KAB. KERINCI,1501092048,Tanjungbungo,654526000
631,10,JAMBI,1005,KAB. KERINCI,1501092049,Bendung Air Timur,646004000
632,10,JAMBI,1005,KAB. KERINCI,1501112001,Kemantan Tinggi,727284000
633,10,JAMBI,1005,KAB. KERINCI,1501112002,Kemantan Kebalai,679475000
634,10,JAMBI,1005,KAB. KERINCI,1501112003,Kemantan Darat,721561000
635,10,JAMBI,1005,KAB. KERINCI,1501112004,Sungaiabu,682683000
636,10,JAMBI,1005,KAB. KERINCI,1501112005,Pondok Sungaiabu,682735000
637,10,JAMBI,1005,KAB. KERINCI,1501112006,Koto Tebat,732873000
638,10,JAMBI,1005,KAB. KERINCI,1501112007,Sungaimedang,789220000
639,10,JAMBI,1005,KAB. KERINCI,1501112008,Air Hangat,712174000
640,10,JAMBI,1005,KAB. KERINCI,1501112009,Baru Sungai Tutung,727969000
641,10,JAMBI,1005,KAB. KERINCI,1501112010,Pungut Tengah,667805000
642,10,JAMBI,1005,KAB. KERINCI,1501112011,Pungut Hilir,719677000
643,10,JAMBI,1005,KAB. KERINCI,1501112012,Pungut Mudik,809884000
644,10,JAMBI,1005,KAB. KERINCI,1501112014,Kemantan Hilir,720260000
645,10,JAMBI,1005,KAB. KERINCI,1501112015,Sungaitutung,895812000
646,10,JAMBI,1005,KAB. KERINCI,1501112018,Kemantan Agung,694653000
647,10,JAMBI,1005,KAB. KERINCI,1501112019,Sungaideras,684490000
648,10,JAMBI,1005,KAB. KERINCI,1501112020,Kemantan Mudik,692981000
649,10,JAMBI,1005,KAB. KERINCI,1501112021,Simpang Empat Sungai Tutung,920616000
650,10,JAMBI,1005,KAB. KERINCI,1501112022,Baru Sungaideras,967618000
651,10,JAMBI,1005,KAB. KERINCI,1501112023,Taman Jernih Sungaitutung,745893000
652,10,JAMBI,1005,KAB. KERINCI,1501112024,Baru Sungaimedang,763423000
653,10,JAMBI,1005,KAB. KERINCI,1501112025,Kemantan Raya,668597000
654,10,JAMBI,1005,KAB. KERINCI,1501112026,Baru Air Hangat,681440000
655,10,JAMBI,1005,KAB. KERINCI,1501112027,Air Panas Sungaiabu,670000000
656,10,JAMBI,1005,KAB. KERINCI,1501112028,Baru Sungaiabu,653962000
657,10,JAMBI,1005,KAB. KERINCI,1501152001,Sungairumpun,709158000
658,10,JAMBI,1005,KAB. KERINCI,1501152002,Sungaisikai,952838000
659,10,JAMBI,1005,KAB. KERINCI,1501152003,Tangkil,1035405000
660,10,JAMBI,1005,KAB. KERINCI,1501152004,Pelompek,1002647000
661,10,JAMBI,1005,KAB. KERINCI,1501152005,Jernih Jaya,775497000
662,10,JAMBI,1005,KAB. KERINCI,1501152006,Bengkolan Duo,972948000
663,10,JAMBI,1005,KAB. KERINCI,1501152007,Lubuk Pauh,731850000
664,10,JAMBI,1005,KAB. KERINCI,1501152008,Telun Berasap,631689000
665,10,JAMBI,1005,KAB. KERINCI,1501152009,Bumbun Duri,650066000
666,10,JAMBI,1005,KAB. KERINCI,1501152010,Pesisir Bukit,999899000
667,10,JAMBI,1005,KAB. KERINCI,1501152011,Pauh Tinggi,675381000
668,10,JAMBI,1005,KAB. KERINCI,1501152012,Sungaijernih,740726000
669,10,JAMBI,1005,KAB. KERINCI,1501152013,Pelompek Pasar Baru,883158000
670,10,JAMBI,1005,KAB. KERINCI,1501162001,Siulak Gedang,715614000
671,10,JAMBI,1005,KAB. KERINCI,1501162004,Pasar Siulak Gedang,633807000
672,10,JAMBI,1005,KAB. KERINCI,1501162005,Siulak Panjang,676143000
673,10,JAMBI,1005,KAB. KERINCI,1501162006,Siulak Kecil Mudik,720663000
674,10,JAMBI,1005,KAB. KERINCI,1501162007,Koto Rendah,660047000
675,10,JAMBI,1005,KAB. KERINCI,1501162009,Lubuk Nagodang,627854000
676,10,JAMBI,1005,KAB. KERINCI,1501162010,Sungaipegeh,679566000
677,10,JAMBI,1005,KAB. KERINCI,1501162011,Sungailebuh,662723000
678,10,JAMBI,1005,KAB. KERINCI,1501162012,Koto Kapeh,698558000
679,10,JAMBI,1005,KAB. KERINCI,1501162013,Koto Beringin,684816000
680,10,JAMBI,1005,KAB. KERINCI,1501162014,Dusun Baru,630436000
681,10,JAMBI,1005,KAB. KERINCI,1501162015,Dusun Dalam,939149000
682,10,JAMBI,1005,KAB. KERINCI,1501162016,Air Terjun,978740000
683,10,JAMBI,1005,KAB. KERINCI,1501162019,Koto Aro,686042000
684,10,JAMBI,1005,KAB. KERINCI,1501162021,Koto Lebuh Tinggi,675880000
685,10,JAMBI,1005,KAB. KERINCI,1501162024,Siulak Kecil Hilir,682537000
686,10,JAMBI,1005,KAB. KERINCI,1501162025,Koto Tengah,743837000
687,10,JAMBI,1005,KAB. KERINCI,1501162028,Telago Biru,604565000
688,10,JAMBI,1005,KAB. KERINCI,1501162030,Tutung Bungkuk,681325000
689,10,JAMBI,1005,KAB. KERINCI,1501162033,Baru Sungaipegeh,732157000
690,10,JAMBI,1005,KAB. KERINCI,1501162034,Bendar Sedap,709109000
691,10,JAMBI,1005,KAB. KERINCI,1501162035,Plak Naneh,709041000
692,10,JAMBI,1005,KAB. KERINCI,1501162036,Padang Jantung,713384000
693,10,JAMBI,1005,KAB. KERINCI,1501162038,Pelak Gedang,617686000
694,10,JAMBI,1005,KAB. KERINCI,1501162039,Demong Sakti,720370000
695,10,JAMBI,1005,KAB. KERINCI,1501162040,Pasar Senen,602750000
696,10,JAMBI,1005,KAB. KERINCI,1501172001,Belui,709870000
697,10,JAMBI,1005,KAB. KERINCI,1501172002,Baru Kubang,646458000
698,10,JAMBI,1005,KAB. KERINCI,1501172003,Koto Panjang,686216000
699,10,JAMBI,1005,KAB. KERINCI,1501172004,Kubang Gedang,671489000
700,10,JAMBI,1005,KAB. KERINCI,1501172005,Semumu,708995000
701,10,JAMBI,1005,KAB. KERINCI,1501172006,Belui Tinggi,790310000
702,10,JAMBI,1005,KAB. KERINCI,1501172007,Koto Tuo,669285000
703,10,JAMBI,1005,KAB. KERINCI,1501172008,Koto Payang,672587000
704,10,JAMBI,1005,KAB. KERINCI,1501172009,Tebat Ijuk,674926000
705,10,JAMBI,1005,KAB. KERINCI,1501172010,Sekungkung,677911000
706,10,JAMBI,1005,KAB. KERINCI,1501172011,Simpang Belui,662094000
707,10,JAMBI,1005,KAB. KERINCI,1501172012,Koto Lanang,685871000
708,10,JAMBI,1005,KAB. KERINCI,1501172013,Ladeh,615017000
709,10,JAMBI,1005,KAB. KERINCI,1501172014,Lubuk Suli,693586000
710,10,JAMBI,1005,KAB. KERINCI,1501172015,Kayu Aho Mangkak Koto Lanang,703349000
711,10,JAMBI,1005,KAB. KERINCI,1501172016,Tambak Tinggi,704243000
712,10,JAMBI,1005,KAB. KERINCI,1501172017,Kubang Agung,644982000
713,10,JAMBI,1005,KAB. KERINCI,1501172018,Tebat Ijuk Dili,666050000
714,10,JAMBI,1005,KAB. KERINCI,1501172019,Koto Simpai Kubang,610605000
715,10,JAMBI,1005,KAB. KERINCI,1501172020,Pahlawan Belui,673846000
716,10,JAMBI,1005,KAB. KERINCI,1501182001,Mukai Hilir,719427000
717,10,JAMBI,1005,KAB. KERINCI,1501182002,Mukai Tengah,671453000
718,10,JAMBI,1005,KAB. KERINCI,1501182003,Mukai Mudik,978595000
719,10,JAMBI,1005,KAB. KERINCI,1501182004,Senimpik,675736000
720,10,JAMBI,1005,KAB. KERINCI,1501182005,Tebing Tinggi,787548000
721,10,JAMBI,1005,KAB. KERINCI,1501182006,Mukai Tinggi,724600000
722,10,JAMBI,1005,KAB. KERINCI,1501182007,Mukai Pintu,646449000
723,10,JAMBI,1005,KAB. KERINCI,1501182008,Sungailangkap,625016000
724,10,JAMBI,1005,KAB. KERINCI,1501182009,Pasir Jaya,807919000
725,10,JAMBI,1005,KAB. KERINCI,1501182010,Sungaikuning,767063000
726,10,JAMBI,1005,KAB. KERINCI,1501182011,Mukai Seberang,907244000
727,10,JAMBI,1005,KAB. KERINCI,1501182012,Talang Tinggi,714363000
728,10,JAMBI,1005,KAB. KERINCI,1501182013,Lubuk Tabun,917893000
729,10,JAMBI,1005,KAB. KERINCI,1501182014,Koto Lua,668096000
730,10,JAMBI,1005,KAB. KERINCI,1501192001,Batu Hampar,632530000
731,10,JAMBI,1005,KAB. KERINCI,1501192002,Sungairenah,684852000
732,10,JAMBI,1005,KAB. KERINCI,1501192003,Bedeng Delapan,875761000
733,10,JAMBI,1005,KAB. KERINCI,1501192004,Bedeng Dua,970993000
734,10,JAMBI,1005,KAB. KERINCI,1501192005,Sako Duo,746972000
735,10,JAMBI,1005,KAB. KERINCI,1501192006,Sungailintang,1041356000
736,10,JAMBI,1005,KAB. KERINCI,1501192007,Kebun Baru,755503000
737,10,JAMBI,1005,KAB. KERINCI,1501192008,Patok Empat,754186000
738,10,JAMBI,1005,KAB. KERINCI,1501192009,Sungaijambu,657429000
739,10,JAMBI,1005,KAB. KERINCI,1501192010,Sungaikering,601623000
740,10,JAMBI,1005,KAB. KERINCI,1501192011,Giri Mulyo,983861000
741,10,JAMBI,1005,KAB. KERINCI,1501192012,Gununglabu,988299000
742,10,JAMBI,1005,KAB. KERINCI,1501192013,Bento,730658000
743,10,JAMBI,1005,KAB. KERINCI,1501192014,Kampung Baru,933047000
744,10,JAMBI,1005,KAB. KERINCI,1501192015,Sungaiasam,1001083000
745,10,JAMBI,1005,KAB. KERINCI,1501192016,Pasar Minggu,913823000
746,10,JAMBI,1005,KAB. KERINCI,1501192017,Ensatu,935243000
747,10,JAMBI,1005,KAB. KERINCI,1501202001,Pasar Kerman,648167000
748,10,JAMBI,1005,KAB. KERINCI,1501202002,Lolo Gedang,717642000
749,10,JAMBI,1005,KAB. KERINCI,1501202003,Lolo Kecil,928550000
750,10,JAMBI,1005,KAB. KERINCI,1501202004,Lolo Hilir,733336000
751,10,JAMBI,1005,KAB. KERINCI,1501202005,Tanjung Syam,692509000
752,10,JAMBI,1005,KAB. KERINCI,1501202006,Talang Kemuning,679257000
753,10,JAMBI,1005,KAB. KERINCI,1501202007,Pondok,740446000
754,10,JAMBI,1005,KAB. KERINCI,1501202008,Muak,828868000
755,10,JAMBI,1005,KAB. KERINCI,1501202009,Pengasi Lama,689046000
756,10,JAMBI,1005,KAB. KERINCI,1501202010,Pulaupandan,666700000
757,10,JAMBI,1005,KAB. KERINCI,1501202011,Pulausangkar,747411000
758,10,JAMBI,1005,KAB. KERINCI,1501202012,Bintang Marak,679255000
759,10,JAMBI,1005,KAB. KERINCI,1501202013,Karang Pandan,669819000
760,10,JAMBI,1005,KAB. KERINCI,1501202014,Pengasi Baru,602156000
761,10,JAMBI,1005,KAB. KERINCI,1501202015,Muaro Lulo,658695000
762,10,JAMBI,1005,KAB. KERINCI,1501212001,Koto Mebai,621035000
763,10,JAMBI,1005,KAB. KERINCI,1501212002,Baru,690729000
764,10,JAMBI,1005,KAB. KERINCI,1501212003,Air Panas,638576000
765,10,JAMBI,1005,KAB. KERINCI,1501212004,Hamparan Pugu,912519000
766,10,JAMBI,1005,KAB. KERINCI,1501212005,Pugu,902378000
767,10,JAMBI,1005,KAB. KERINCI,1501212006,Koto Mudik,648305000
768,10,JAMBI,1005,KAB. KERINCI,1501212007,Koto Tengah,694426000
769,10,JAMBI,1005,KAB. KERINCI,1501212008,Koto Datuk,684504000
770,10,JAMBI,1005,KAB. KERINCI,1501212009,Koto Dua Baru,687283000
771,10,JAMBI,1005,KAB. KERINCI,1501212010,Koto Cayo,718543000
772,10,JAMBI,1005,KAB. KERINCI,1501212011,Kecil,668744000
773,10,JAMBI,1005,KAB. KERINCI,1501212012,Air Bersih,671759000
774,10,JAMBI,1005,KAB. KERINCI,1501222001,Kayu Aro Ambai,694694000
775,10,JAMBI,1005,KAB. KERINCI,1501222002,Bunga Tanjung,693230000
776,10,JAMBI,1005,KAB. KERINCI,1501222003,Pondok Beringin,664677000
777,10,JAMBI,1005,KAB. KERINCI,1501222004,Semerah,659393000
778,10,JAMBI,1005,KAB. KERINCI,1501222005,Sebukar,655124000
779,10,JAMBI,1005,KAB. KERINCI,1501222006,Koto Tuo Ujung Pasir,690354000
780,10,JAMBI,1005,KAB. KERINCI,1501222007,Ujung Pasir,684772000
781,10,JAMBI,1005,KAB. KERINCI,1501222008,Koto Petai,652727000
782,10,JAMBI,1005,KAB. KERINCI,1501222009,Koto Salak,688686000
783,10,JAMBI,1005,KAB. KERINCI,1501222010,Agung Koto Iman,672053000
784,10,JAMBI,1005,KAB. KERINCI,1501222011,Koto Iman,637962000
785,10,JAMBI,1005,KAB. KERINCI,1501222012,Baru Semerah,655027000
786,10,JAMBI,1005,KAB. KERINCI,1501232001,Pancuran Tiga,696528000
787,10,JAMBI,1005,KAB. KERINCI,1501232002,Tanjung Pauh Mudik,672653000
788,10,JAMBI,1005,KAB. KERINCI,1501232003,Bukit Pulai,662965000
789,10,JAMBI,1005,KAB. KERINCI,1501232004,Punai Merindu,688503000
790,10,JAMBI,1005,KAB. KERINCI,1501232005,Sumur Jauh,673434000
791,10,JAMBI,1005,KAB. KERINCI,1501232006,Permai Baru,619984000
792,10,JAMBI,1005,KAB. KERINCI,1501232007,Tanjung Pauh Hilir,938382000
793,10,JAMBI,1005,KAB. KERINCI,1501232008,Serumpun Pauh,929975000
794,10,JAMBI,1005,KAB. KERINCI,1501232009,Pondok Siguang,920951000
795,10,JAMBI,1005,KAB. KERINCI,1501232010,Koto Tengah,960975000
796,10,JAMBI,1005,KAB. KERINCI,1501232011,Semerap,699876000
797,10,JAMBI,1005,KAB. KERINCI,1501232012,Koto Baru Semerap,664167000
798,10,JAMBI,1005,KAB. KERINCI,1501232013,Pasar Semerap,928233000
799,10,JAMBI,1005,KAB. KERINCI,1501232014,Koto Patah,1074396000
800,10,JAMBI,1006,KAB. MERANGIN,1502012001,Renah Kemumu,793629000
801,10,JAMBI,1006,KAB. MERANGIN,1502012002,Tanjung Kasri,675258000
802,10,JAMBI,1006,KAB. MERANGIN,1502012003,Lubuk Mentilin,861276000
803,10,JAMBI,1006,KAB. MERANGIN,1502012004,Rantau Kermas,776587000
804,10,JAMBI,1006,KAB. MERANGIN,1502012005,Renah Alai,772395000
805,10,JAMBI,1006,KAB. MERANGIN,1502012008,Pulau Tengah,1002752000
806,10,JAMBI,1006,KAB. MERANGIN,1502012009,Lubuk Pungguk,766403000
807,10,JAMBI,1006,KAB. MERANGIN,1502012010,Koto Renah,718204000
808,10,JAMBI,1006,KAB. MERANGIN,1502012011,Muara Madras,917033000
809,10,JAMBI,1006,KAB. MERANGIN,1502012023,Renah Pelaan,772531000
810,10,JAMBI,1006,KAB. MERANGIN,1502012024,Koto Rawang,869200000
811,10,JAMBI,1006,KAB. MERANGIN,1502022004,Kungkai,844699000
812,10,JAMBI,1006,KAB. MERANGIN,1502022008,Mudo,721710000
813,10,JAMBI,1006,KAB. MERANGIN,1502022012,Langling,775956000
814,10,JAMBI,1006,KAB. MERANGIN,1502022024,Sungai Kapas,992792000
815,10,JAMBI,1006,KAB. MERANGIN,1502032004,Durian Rambun,717453000
816,10,JAMBI,1006,KAB. MERANGIN,1502032007,Lubuk Birah,800255000
817,10,JAMBI,1006,KAB. MERANGIN,1502032008,Lubuk Beringin,851042000
818,10,JAMBI,1006,KAB. MERANGIN,1502032009,Rantau Macang,832772000
819,10,JAMBI,1006,KAB. MERANGIN,1502032010,Peradun Temeras,974467000
820,10,JAMBI,1006,KAB. MERANGIN,1502032011,Teluk Sikumbang,935444000
821,10,JAMBI,1006,KAB. MERANGIN,1502032012,Muara Siau,890824000
822,10,JAMBI,1006,KAB. MERANGIN,1502032013,Tiaro,751404000
823,10,JAMBI,1006,KAB. MERANGIN,1502032015,Air Lago,629423000
824,10,JAMBI,1006,KAB. MERANGIN,1502032016,Badak Tekurung,660864000
825,10,JAMBI,1006,KAB. MERANGIN,1502032017,Rantau Bidaro,640041000
826,10,JAMBI,1006,KAB. MERANGIN,1502032018,Rantau Panjang,803189000
827,10,JAMBI,1006,KAB. MERANGIN,1502032021,Pulau Raman,727672000
828,10,JAMBI,1006,KAB. MERANGIN,1502032024,Pasar Muara Siau,620731000
829,10,JAMBI,1006,KAB. MERANGIN,1502032027,Sepantai Renah,808867000
830,10,JAMBI,1006,KAB. MERANGIN,1502032028,Sungai Ulas,664204000
831,10,JAMBI,1006,KAB. MERANGIN,1502032029,Rantau Bayur,854289000
832,10,JAMBI,1006,KAB. MERANGIN,1502042007,Sungai Pinang,739224000
833,10,JAMBI,1006,KAB. MERANGIN,1502042008,Tiangko,1029281000
834,10,JAMBI,1006,KAB. MERANGIN,1502042009,Palipan,754091000
835,10,JAMBI,1006,KAB. MERANGIN,1502042010,Seringat,1055022000
836,10,JAMBI,1006,KAB. MERANGIN,1502042011,Durian Lecah,801060000
837,10,JAMBI,1006,KAB. MERANGIN,1502042015,Bukit Batu,715477000
838,10,JAMBI,1006,KAB. MERANGIN,1502042016,Sungai Nilau,911596000
839,10,JAMBI,1006,KAB. MERANGIN,1502042017,Sungai Manau,742347000
840,10,JAMBI,1006,KAB. MERANGIN,1502042025,Benteng,695179000
841,10,JAMBI,1006,KAB. MERANGIN,1502042026,Gelanggang,715998000
842,10,JAMBI,1006,KAB. MERANGIN,1502052007,Kandang,1343074000
843,10,JAMBI,1006,KAB. MERANGIN,1502052008,Koto Rayo,899845000
844,10,JAMBI,1006,KAB. MERANGIN,1502052011,Tanjung  Ilir,852760000
845,10,JAMBI,1006,KAB. MERANGIN,1502052014,Beluran Panjang,819229000
846,10,JAMBI,1006,KAB. MERANGIN,1502052015,Seling,900881000
847,10,JAMBI,1006,KAB. MERANGIN,1502052035,Lubuk Napal,607089000
848,10,JAMBI,1006,KAB. MERANGIN,1502062004,Jelatang,820939000
849,10,JAMBI,1006,KAB. MERANGIN,1502062005,Tanjung Gedang,1037176000
850,10,JAMBI,1006,KAB. MERANGIN,1502062006,Empang Benao,820224000
851,10,JAMBI,1006,KAB. MERANGIN,1502062007,Rejo Sari,787280000
852,10,JAMBI,1006,KAB. MERANGIN,1502062009,Keroya,1050270000
853,10,JAMBI,1006,KAB. MERANGIN,1502062010,Muara Belengo,1084023000
854,10,JAMBI,1006,KAB. MERANGIN,1502062011,Karang Berahi,890458000
855,10,JAMBI,1006,KAB. MERANGIN,1502062012,Pauh Menang,795117000
856,10,JAMBI,1006,KAB. MERANGIN,1502062013,Pematang Kancil,685454000
857,10,JAMBI,1006,KAB. MERANGIN,1502062014,Tanah Abang,919989000
858,10,JAMBI,1006,KAB. MERANGIN,1502062015,Sialang,870459000
859,10,JAMBI,1006,KAB. MERANGIN,1502062026,Sungai Udang,746747000
860,10,JAMBI,1006,KAB. MERANGIN,1502062027,Pelakar Jaya,965061000
861,10,JAMBI,1006,KAB. MERANGIN,1502072009,Muara Jernih,1085823000
862,10,JAMBI,1006,KAB. MERANGIN,1502072010,Kapuk,896827000
863,10,JAMBI,1006,KAB. MERANGIN,1502072011,Pulau Aro,867669000
864,10,JAMBI,1006,KAB. MERANGIN,1502072012,Rantau Ngarau,845761000
865,10,JAMBI,1006,KAB. MERANGIN,1502072013,Medan Baru,647801000
866,10,JAMBI,1006,KAB. MERANGIN,1502072014,Muaro Seketuk,815009000
867,10,JAMBI,1006,KAB. MERANGIN,1502082001,Sungai Sahut,910029000
868,10,JAMBI,1006,KAB. MERANGIN,1502082002,Bungo Antoi,941956000
869,10,JAMBI,1006,KAB. MERANGIN,1502082003,Muara Delang,928959000
870,10,JAMBI,1006,KAB. MERANGIN,1502082004,Sinar Gading,741435000
871,10,JAMBI,1006,KAB. MERANGIN,1502082005,Bungo Tanjung,758628000
872,10,JAMBI,1006,KAB. MERANGIN,1502082006,Rawa Jaya,879527000
873,10,JAMBI,1006,KAB. MERANGIN,1502082007,Gading Jaya,717528000
874,10,JAMBI,1006,KAB. MERANGIN,1502082008,Mekar Jaya,718763000
875,10,JAMBI,1006,KAB. MERANGIN,1502092001,Nilo Dingin,811071000
876,10,JAMBI,1006,KAB. MERANGIN,1502092002,Tanjung Berugo,708610000
877,10,JAMBI,1006,KAB. MERANGIN,1502092003,Tuo,836705000
878,10,JAMBI,1006,KAB. MERANGIN,1502092004,Koto Rami,700909000
879,10,JAMBI,1006,KAB. MERANGIN,1502092005,Rancan,834265000
880,10,JAMBI,1006,KAB. MERANGIN,1502092006,Pasar Masurai,631405000
881,10,JAMBI,1006,KAB. MERANGIN,1502092007,Rantau Jering,944196000
882,10,JAMBI,1006,KAB. MERANGIN,1502092008,Tanjung Dalam,784820000
883,10,JAMBI,1006,KAB. MERANGIN,1502092009,Muaro Pangi,740387000
884,10,JAMBI,1006,KAB. MERANGIN,1502092010,Sungai Lalang,682705000
885,10,JAMBI,1006,KAB. MERANGIN,1502092011,Talang Asal,783211000
886,10,JAMBI,1006,KAB. MERANGIN,1502092012,Muara Kelukup,829824000
887,10,JAMBI,1006,KAB. MERANGIN,1502092013,Muara Lengayo,712752000
888,10,JAMBI,1006,KAB. MERANGIN,1502092014,Talang Paruh,755089000
889,10,JAMBI,1006,KAB. MERANGIN,1502092015,Durian Mukut,778132000
890,10,JAMBI,1006,KAB. MERANGIN,1502102001,Pulau Rengas,729657000
891,10,JAMBI,1006,KAB. MERANGIN,1502102002,Biuku Tanjung,833214000
892,10,JAMBI,1006,KAB. MERANGIN,1502102003,Bedeng Rejo,676247000
893,10,JAMBI,1006,KAB. MERANGIN,1502102004,Sungai Putih,1061976000
894,10,JAMBI,1006,KAB. MERANGIN,1502102005,Bukit Beringin,865835000
895,10,JAMBI,1006,KAB. MERANGIN,1502102006,Pulau Rengas Ulu,783504000
896,10,JAMBI,1006,KAB. MERANGIN,1502112001,Sungai Ulak,1402698000
897,10,JAMBI,1006,KAB. MERANGIN,1502112002,Aur Berduri,779402000
898,10,JAMBI,1006,KAB. MERANGIN,1502112003,Telun,685458000
899,10,JAMBI,1006,KAB. MERANGIN,1502112004,Nalo Gedang,864779000
900,10,JAMBI,1006,KAB. MERANGIN,1502112005,Baru Nalo,827627000
901,10,JAMBI,1006,KAB. MERANGIN,1502112006,Mentawak,736928000
902,10,JAMBI,1006,KAB. MERANGIN,1502112007,Danau,802037000
903,10,JAMBI,1006,KAB. MERANGIN,1502122001,Lubuk Gaung,708553000
904,10,JAMBI,1006,KAB. MERANGIN,1502122002,Salam Buku,883235000
905,10,JAMBI,1006,KAB. MERANGIN,1502122003,Pulau Baru,946362000
906,10,JAMBI,1006,KAB. MERANGIN,1502122004,Nibung,667299000
907,10,JAMBI,1006,KAB. MERANGIN,1502122005,Titian Teras,666411000
908,10,JAMBI,1006,KAB. MERANGIN,1502122006,Kedarasan Panjang,669689000
909,10,JAMBI,1006,KAB. MERANGIN,1502122007,Rantau Alai,788690000
910,10,JAMBI,1006,KAB. MERANGIN,1502122008,Tambang Besi,671713000
911,10,JAMBI,1006,KAB. MERANGIN,1502122009,Pelangki,973389000
912,10,JAMBI,1006,KAB. MERANGIN,1502122010,Pulau Layang,702662000
913,10,JAMBI,1006,KAB. MERANGIN,1502132001,Tanjung Lamin,776000000
914,10,JAMBI,1006,KAB. MERANGIN,1502132002,Limbur Merangin,854143000
915,10,JAMBI,1006,KAB. MERANGIN,1502132003,Karang Anyar,738036000
916,10,JAMBI,1006,KAB. MERANGIN,1502132004,Pinang Merah,857622000
917,10,JAMBI,1006,KAB. MERANGIN,1502132005,Simpang L. Merangin,798469000
918,10,JAMBI,1006,KAB. MERANGIN,1502132006,Mampun Baru,740124000
919,10,JAMBI,1006,KAB. MERANGIN,1502132007,Papit,714497000
920,10,JAMBI,1006,KAB. MERANGIN,1502132008,PulauTujuh,866515000
921,10,JAMBI,1006,KAB. MERANGIN,1502142001,Rantau Limau Manis,907622000
922,10,JAMBI,1006,KAB. MERANGIN,1502142002,Ulak Makam,790724000
923,10,JAMBI,1006,KAB. MERANGIN,1502142003,Air Batu,776374000
924,10,JAMBI,1006,KAB. MERANGIN,1502142004,Rejo Sari,655745000
925,10,JAMBI,1006,KAB. MERANGIN,1502142005,Kota Raja,670170000
926,10,JAMBI,1006,KAB. MERANGIN,1502142006,Tunggul Bulin,797071000
927,10,JAMBI,1006,KAB. MERANGIN,1502142007,Mekar Limau Manis,842139000
928,10,JAMBI,1006,KAB. MERANGIN,1502152001,Sungai Limau,953854000
929,10,JAMBI,1006,KAB. MERANGIN,1502152002,Sungai Bulian,803587000
930,10,JAMBI,1006,KAB. MERANGIN,1502152003,Sri Sembilan,780882000
931,10,JAMBI,1006,KAB. MERANGIN,1502152004,Bukit Subur,859298000
932,10,JAMBI,1006,KAB. MERANGIN,1502162001,Muaro Panco Barat,867837000
933,10,JAMBI,1006,KAB. MERANGIN,1502162002,Talang Segegah,727163000
934,10,JAMBI,1006,KAB. MERANGIN,1502162003,Durian Batakuk,759585000
935,10,JAMBI,1006,KAB. MERANGIN,1502162004,Muara Bantan,750736000
936,10,JAMBI,1006,KAB. MERANGIN,1502162005,Parit Ujung Tanjung,1051029000
937,10,JAMBI,1006,KAB. MERANGIN,1502162006,Guguk,726904000
938,10,JAMBI,1006,KAB. MERANGIN,1502162007,Markeh,792799000
939,10,JAMBI,1006,KAB. MERANGIN,1502162008,Air Batu,1348610000
940,10,JAMBI,1006,KAB. MERANGIN,1502162009,Marus Jaya,670019000
941,10,JAMBI,1006,KAB. MERANGIN,1502162010,Renah Medan,891331000
942,10,JAMBI,1006,KAB. MERANGIN,1502162011,Simpang Parit,644356000
943,10,JAMBI,1006,KAB. MERANGIN,1502162012,Muaro Panco Timur,729617000
944,10,JAMBI,1006,KAB. MERANGIN,1502172001,Baru Pangkalan Jambu,741332000
945,10,JAMBI,1006,KAB. MERANGIN,1502172002,Bukit Perentak,756699000
946,10,JAMBI,1006,KAB. MERANGIN,1502172003,Birun,735446000
947,10,JAMBI,1006,KAB. MERANGIN,1502172004,Tiga Alur,663568000
948,10,JAMBI,1006,KAB. MERANGIN,1502172005,Bungo Tanjung,689574000
949,10,JAMBI,1006,KAB. MERANGIN,1502172006,Sungai Jering,698816000
950,10,JAMBI,1006,KAB. MERANGIN,1502172007,Kampung Limo,775363000
951,10,JAMBI,1006,KAB. MERANGIN,1502172008,Tanjung Mudo,675823000
952,10,JAMBI,1006,KAB. MERANGIN,1502182001,Tanjung Mudo,720440000
953,10,JAMBI,1006,KAB. MERANGIN,1502182002,Koto Teguh,809289000
954,10,JAMBI,1006,KAB. MERANGIN,1502182003,Baru,807124000
955,10,JAMBI,1006,KAB. MERANGIN,1502182004,Talang Tembago,870360000
956,10,JAMBI,1006,KAB. MERANGIN,1502182005,Beringin Tinggi,1285148000
957,10,JAMBI,1006,KAB. MERANGIN,1502182006,Pematang Pauh,850531000
958,10,JAMBI,1006,KAB. MERANGIN,1502182007,Rantau Suli,1138907000
959,10,JAMBI,1006,KAB. MERANGIN,1502182008,Gedang,1068930000
960,10,JAMBI,1006,KAB. MERANGIN,1502182010,Koto Baru,786824000
961,10,JAMBI,1006,KAB. MERANGIN,1502182011,Tanjung Benuang,1168118000
962,10,JAMBI,1006,KAB. MERANGIN,1502182012,Jangkat,834400000
963,10,JAMBI,1006,KAB. MERANGIN,1502182013,Tanjung Alam,690324000
964,10,JAMBI,1006,KAB. MERANGIN,1502182014,Kabu,1023303000
965,10,JAMBI,1006,KAB. MERANGIN,1502182015,Simpang Talang Tembago,676346000
966,10,JAMBI,1006,KAB. MERANGIN,1502192001,Meranti,834541000
967,10,JAMBI,1006,KAB. MERANGIN,1502192002,Bukit Bungkul,862148000
968,10,JAMBI,1006,KAB. MERANGIN,1502192003,Rasau,874512000
969,10,JAMBI,1006,KAB. MERANGIN,1502192004,Lantak Seribu,1185554000
970,10,JAMBI,1006,KAB. MERANGIN,1502202001,Tambang Emas,971666000
971,10,JAMBI,1006,KAB. MERANGIN,1502202002,Tanjung Benuang,873516000
972,10,JAMBI,1006,KAB. MERANGIN,1502202003,Pulau Bayur,870114000
973,10,JAMBI,1006,KAB. MERANGIN,1502202004,Selango,733784000
974,10,JAMBI,1006,KAB. MERANGIN,1502212001,Tanjung Rejo,871621000
975,10,JAMBI,1006,KAB. MERANGIN,1502212002,Sumber Agung,950709000
976,10,JAMBI,1006,KAB. MERANGIN,1502212003,Suko Rejo,753345000
977,10,JAMBI,1006,KAB. MERANGIN,1502212004,Sido Rukun,747560000
978,10,JAMBI,1006,KAB. MERANGIN,1502212005,Lubuk Bumbun,978124000
979,10,JAMBI,1006,KAB. MERANGIN,1502212006,Tegal Rejo,696841000
980,10,JAMBI,1006,KAB. MERANGIN,1502222001,Tambang Baru,1089959000
981,10,JAMBI,1006,KAB. MERANGIN,1502222002,Sido Lego,760229000
982,10,JAMBI,1006,KAB. MERANGIN,1502222003,Mensango,948724000
983,10,JAMBI,1006,KAB. MERANGIN,1502222004,Koto Baru,1035175000
984,10,JAMBI,1006,KAB. MERANGIN,1502222005,Sido Harjo,978673000
985,10,JAMBI,1006,KAB. MERANGIN,1502232001,Muara Kibul,757609000
986,10,JAMBI,1006,KAB. MERANGIN,1502232002,Tanjung Putus,1031909000
987,10,JAMBI,1006,KAB. MERANGIN,1502232003,Pulau Tebakar,1017091000
988,10,JAMBI,1006,KAB. MERANGIN,1502232004,Batang Kibul,980889000
989,10,JAMBI,1006,KAB. MERANGIN,1502232005,Sungai Tabir,740498000
990,10,JAMBI,1006,KAB. MERANGIN,1502232006,Telentam,896838000
991,10,JAMBI,1006,KAB. MERANGIN,1502232007,Ngaol,824079000
992,10,JAMBI,1006,KAB. MERANGIN,1502232008,Air Liki,1070990000
993,10,JAMBI,1006,KAB. MERANGIN,1502232009,Pulau Lebar,790584000
994,10,JAMBI,1006,KAB. MERANGIN,1502232010,Muara Langeh,610603000
995,10,JAMBI,1006,KAB. MERANGIN,1502232011,Tanjung Beringin,689973000
996,10,JAMBI,1006,KAB. MERANGIN,1502232012,Baru Kibul,922190000
997,10,JAMBI,1006,KAB. MERANGIN,1502232013,Ngaol Ilir,981903000
998,10,JAMBI,1006,KAB. MERANGIN,1502232014,Air Liki Baru,1082337000
999,10,JAMBI,1006,KAB. MERANGIN,1502242001,Sekancing,791117000
1000,10,JAMBI,1006,KAB. MERANGIN,1502242002,Sekancing Ilir,759492000
1001,10,JAMBI,1006,KAB. MERANGIN,1502242003,Beringin Sanggul,732139000
1002,10,JAMBI,1006,KAB. MERANGIN,1502242004,Baru Bukit Punjung,667955000
1003,10,JAMBI,1006,KAB. MERANGIN,1502242005,Rantau Limau Kapas,854323000
1004,10,JAMBI,1006,KAB. MERANGIN,1502242006,Baru Sungai Sakai,843291000
1005,10,JAMBI,1007,KAB. TANJUNG JABUNG TIMUR,1507012001,Alang-Alang,750650000
1006,10,JAMBI,1007,KAB. TANJUNG JABUNG TIMUR,1507012002,Lambur,901168000
1007,10,JAMBI,1007,KAB. TANJUNG JABUNG TIMUR,1507012004,Simbur Naik,889253000
1008,10,JAMBI,1007,KAB. TANJUNG JABUNG TIMUR,1507012011,Lambur I,928501000
1009,10,JAMBI,1007,KAB. TANJUNG JABUNG TIMUR,1507012012,Lambur II,941033000
1010,10,JAMBI,1007,KAB. TANJUNG JABUNG TIMUR,1507012014,Kota Raja,928572000
1011,10,JAMBI,1007,KAB. TANJUNG JABUNG TIMUR,1507012015,Siau Dalam,886424000
1012,10,JAMBI,1007,KAB. TANJUNG JABUNG TIMUR,1507012016,Sungai Ular,640839000
1013,10,JAMBI,1007,KAB. TANJUNG JABUNG TIMUR,1507012017,Kota Harapan,915444000
1014,10,JAMBI,1007,KAB. TANJUNG JABUNG TIMUR,1507012018,Kuala Simbur,752694000
1015,10,JAMBI,1007,KAB. TANJUNG JABUNG TIMUR,1507022003,Simpang Jelita,747518000
1016,10,JAMBI,1007,KAB. TANJUNG JABUNG TIMUR,1507022004,Simpang Datuk,1051788000
1017,10,JAMBI,1007,KAB. TANJUNG JABUNG TIMUR,1507022005,Teluk Kijing,862166000
1018,10,JAMBI,1007,KAB. TANJUNG JABUNG TIMUR,1507022006,Sungai Raya,767903000
1019,10,JAMBI,1007,KAB. TANJUNG JABUNG TIMUR,1507022007,Pemusiran,759359000
1020,10,JAMBI,1007,KAB. TANJUNG JABUNG TIMUR,1507022008,Sungai Tering,1094749000
1021,10,JAMBI,1007,KAB. TANJUNG JABUNG TIMUR,1507022009,Sungai Jeruk,885580000
1022,10,JAMBI,1007,KAB. TANJUNG JABUNG TIMUR,1507022010,Bunga Tanjung,812946000
1023,10,JAMBI,1007,KAB. TANJUNG JABUNG TIMUR,1507032001,Pangkal Duri,1017438000
1024,10,JAMBI,1007,KAB. TANJUNG JABUNG TIMUR,1507032003,Mendahara Tengah,1039951000
1025,10,JAMBI,1007,KAB. TANJUNG JABUNG TIMUR,1507032007,Lagan Ilir,840847000
1026,10,JAMBI,1007,KAB. TANJUNG JABUNG TIMUR,1507032014,Sinar Kalimantan,890507000
1027,10,JAMBI,1007,KAB. TANJUNG JABUNG TIMUR,1507032015,Sungai Tawar,1084370000
1028,10,JAMBI,1007,KAB. TANJUNG JABUNG TIMUR,1507032016,Bakti Idaman,1038090000
1029,10,JAMBI,1007,KAB. TANJUNG JABUNG TIMUR,1507032017,Merbau,1280178000
1030,10,JAMBI,1007,KAB. TANJUNG JABUNG TIMUR,1507032018,Pangkal Duri Ilir,874836000
1031,10,JAMBI,1007,KAB. TANJUNG JABUNG TIMUR,1507042004,Rantau Rasau I,1039966000
1032,10,JAMBI,1007,KAB. TANJUNG JABUNG TIMUR,1507042005,Rantau Rasau II,825414000
1033,10,JAMBI,1007,KAB. TANJUNG JABUNG TIMUR,1507042007,Harapan Makmur,987308000
1034,10,JAMBI,1007,KAB. TANJUNG JABUNG TIMUR,1507042008,Bangun Karya,845976000
1035,10,JAMBI,1007,KAB. TANJUNG JABUNG TIMUR,1507042009,Rantau Jaya,918865000
1036,10,JAMBI,1007,KAB. TANJUNG JABUNG TIMUR,1507042011,Sungai Dusun,631195000
1037,10,JAMBI,1007,KAB. TANJUNG JABUNG TIMUR,1507042013,Karya Bakti,842672000
1038,10,JAMBI,1007,KAB. TANJUNG JABUNG TIMUR,1507042014,Marga Mulya,798439000
1039,10,JAMBI,1007,KAB. TANJUNG JABUNG TIMUR,1507042015,Pematang Mayan,721246000
1040,10,JAMBI,1007,KAB. TANJUNG JABUNG TIMUR,1507042016,Tri Mulyo,815010000
1041,10,JAMBI,1007,KAB. TANJUNG JABUNG TIMUR,1507052001,Sungai Sayang,1058610000
1042,10,JAMBI,1007,KAB. TANJUNG JABUNG TIMUR,1507052002,Air Hitam Laut,1052003000
1043,10,JAMBI,1007,KAB. TANJUNG JABUNG TIMUR,1507052003,Sungai Jambat,982089000
1044,10,JAMBI,1007,KAB. TANJUNG JABUNG TIMUR,1507052004,Sungai Itik,954482000
1045,10,JAMBI,1007,KAB. TANJUNG JABUNG TIMUR,1507052006,Sungai Benuh,721486000
1046,10,JAMBI,1007,KAB. TANJUNG JABUNG TIMUR,1507052007,Sungai Cemara,921858000
1047,10,JAMBI,1007,KAB. TANJUNG JABUNG TIMUR,1507052008,Remau Baku Tuo,1101196000
1048,10,JAMBI,1007,KAB. TANJUNG JABUNG TIMUR,1507052009,Labuhan Pering,1268281000
1049,10,JAMBI,1007,KAB. TANJUNG JABUNG TIMUR,1507062003,Kuala Dendang,1090841000
1050,10,JAMBI,1007,KAB. TANJUNG JABUNG TIMUR,1507062004,Kota Kandis Dendang,776972000
1051,10,JAMBI,1007,KAB. TANJUNG JABUNG TIMUR,1507062005,Koto Kandis,2162645000
1052,10,JAMBI,1007,KAB. TANJUNG JABUNG TIMUR,1507062007,Sido Mukti,1147895000
1053,10,JAMBI,1007,KAB. TANJUNG JABUNG TIMUR,1507062008,Catur Rahayu,1081890000
1054,10,JAMBI,1007,KAB. TANJUNG JABUNG TIMUR,1507062009,Jati Mulyo,737395000
1055,10,JAMBI,1007,KAB. TANJUNG JABUNG TIMUR,1507082003,Teluk Majelis,1029604000
1056,10,JAMBI,1007,KAB. TANJUNG JABUNG TIMUR,1507082004,Kuala Lagan,776453000
1057,10,JAMBI,1007,KAB. TANJUNG JABUNG TIMUR,1507082005,Majelis Hidayah,855060000
1058,10,JAMBI,1007,KAB. TANJUNG JABUNG TIMUR,1507082006,Manunggal Makmur,734667000
1059,10,JAMBI,1007,KAB. TANJUNG JABUNG TIMUR,1507092002,Pematang Rahim,936858000
1060,10,JAMBI,1007,KAB. TANJUNG JABUNG TIMUR,1507092003,Sungai Toman,1241565000
1061,10,JAMBI,1007,KAB. TANJUNG JABUNG TIMUR,1507092004,Bukit Tempurung,777438000
1062,10,JAMBI,1007,KAB. TANJUNG JABUNG TIMUR,1507092005,Sinar Wajo,1041965000
1063,10,JAMBI,1007,KAB. TANJUNG JABUNG TIMUR,1507092006,Sungai Beras,1147433000
1064,10,JAMBI,1007,KAB. TANJUNG JABUNG TIMUR,1507092007,Mencolok,1004628000
1065,10,JAMBI,1007,KAB. TANJUNG JABUNG TIMUR,1507102001,Lagan Ulu,877533000
1066,10,JAMBI,1007,KAB. TANJUNG JABUNG TIMUR,1507102002,Lagan Tengah,1287047000
1067,10,JAMBI,1007,KAB. TANJUNG JABUNG TIMUR,1507102004,Pandan Makmur,977992000
1068,10,JAMBI,1007,KAB. TANJUNG JABUNG TIMUR,1507102005,Pandan Lagan,745727000
1069,10,JAMBI,1007,KAB. TANJUNG JABUNG TIMUR,1507102006,Suka Maju,828753000
1070,10,JAMBI,1007,KAB. TANJUNG JABUNG TIMUR,1507102007,Kota Baru,743689000
1071,10,JAMBI,1007,KAB. TANJUNG JABUNG TIMUR,1507102008,Rantau Karya,741916000
1072,10,JAMBI,1007,KAB. TANJUNG JABUNG TIMUR,1507102009,Pandan Sejahtera,797742000
1073,10,JAMBI,1007,KAB. TANJUNG JABUNG TIMUR,1507112002,Rantau Rasau Desa,1007564000
1074,10,JAMBI,1007,KAB. TANJUNG JABUNG TIMUR,1507112003,Rantau Makmur,961977000
1075,10,JAMBI,1007,KAB. TANJUNG JABUNG TIMUR,1507112004,Sungai Rambut,899238000
1076,10,JAMBI,1007,KAB. TANJUNG JABUNG TIMUR,1507112005,Rawasari,974441000
1077,10,JAMBI,1007,KAB. TANJUNG JABUNG TIMUR,1507112006,Telaga Limo,944640000
1078,10,JAMBI,1008,KAB. T E B O,1509012003,Bedaro Rampak,957241000
1079,10,JAMBI,1008,KAB. T E B O,1509012004,Mangun Jayo,1115260000
1080,10,JAMBI,1008,KAB. T E B O,1509012005,Teluk Pandak,885539000
1081,10,JAMBI,1008,KAB. T E B O,1509012006,Tengah Ulu,835018000
1082,10,JAMBI,1008,KAB. T E B O,1509012007,Semabu,747712000
1083,10,JAMBI,1008,KAB. T E B O,1509012008,Kandang,785393000
1084,10,JAMBI,1008,KAB. T E B O,1509012009,Pelayang,1186700000
1085,10,JAMBI,1008,KAB. T E B O,1509012010,Sungai Keruh,948518000
1086,10,JAMBI,1008,KAB. T E B O,1509012011,Aburan Batang Tebo,957463000
1087,10,JAMBI,1008,KAB. T E B O,1509012012,Sungai Alai,1201768000
1088,10,JAMBI,1008,KAB. T E B O,1509022002,Sungai Aro,854172000
1089,10,JAMBI,1008,KAB. T E B O,1509022003,Teluk Rendah Pasar,868044000
1090,10,JAMBI,1008,KAB. T E B O,1509022004,Teluk Rendah Ulu,815492000
1091,10,JAMBI,1008,KAB. T E B O,1509022005,Teluk Rendah Ilir,788660000
1092,10,JAMBI,1008,KAB. T E B O,1509022008,Tuo Ilir,924380000
1093,10,JAMBI,1008,KAB. T E B O,1509022011,Betung Bedarah Timur,974531000
1094,10,JAMBI,1008,KAB. T E B O,1509022012,Betung Bedarah Barat,855280000
1095,10,JAMBI,1008,KAB. T E B O,1509022014,Kunangan,835453000
1096,10,JAMBI,1008,KAB. T E B O,1509022015,Muara ketalo,927783000
1097,10,JAMBI,1008,KAB. T E B O,1509022017,Sungai Bengkal Barat,778567000
1098,10,JAMBI,1008,KAB. T E B O,1509032002,Sungai Rambai,782002000
1099,10,JAMBI,1008,KAB. T E B O,1509032003,Pagar Puding,1156933000
1100,10,JAMBI,1008,KAB. T E B O,1509032004,Teluk Kembang Jambu,798155000
1101,10,JAMBI,1008,KAB. T E B O,1509032005,Teluk Kasai Rambahan,742210000
1102,10,JAMBI,1008,KAB. T E B O,1509032006,Rantau langkap,690578000
1103,10,JAMBI,1008,KAB. T E B O,1509032007,Tanjung Aur,817323000
1104,10,JAMBI,1008,KAB. T E B O,1509032008,Bungo Tanjung,813931000
1105,10,JAMBI,1008,KAB. T E B O,1509032009,Pulau Panjang,816118000
1106,10,JAMBI,1008,KAB. T E B O,1509032010,Lubuk Benteng,783253000
1107,10,JAMBI,1008,KAB. T E B O,1509032011,Teluk Kuali,980985000
1108,10,JAMBI,1008,KAB. T E B O,1509032012,Malako Intan,878677000
1109,10,JAMBI,1008,KAB. T E B O,1509032015,Jambu,689585000
1110,10,JAMBI,1008,KAB. T E B O,1509032016,Pulau Jelmu,722298000
1111,10,JAMBI,1008,KAB. T E B O,1509032017,Medan Seri Rambahan,656567000
1112,10,JAMBI,1008,KAB. T E B O,1509032018,Ulak Banjir Rambahan,729888000
1113,10,JAMBI,1008,KAB. T E B O,1509032019,Teluk Pandan Rambahan,674882000
1114,10,JAMBI,1008,KAB. T E B O,1509042002,Perintis,1200170000
1115,10,JAMBI,1008,KAB. T E B O,1509042003,Rimbo Mulyo,1041975000
1116,10,JAMBI,1008,KAB. T E B O,1509042004,Purwo Harjo,1018702000
1117,10,JAMBI,1008,KAB. T E B O,1509042005,Tegal Arum,993156000
1118,10,JAMBI,1008,KAB. T E B O,1509042006,Tirta Kencana,1056150000
1119,10,JAMBI,1008,KAB. T E B O,1509042007,Sapta Mulia,964081000
1120,10,JAMBI,1008,KAB. T E B O,1509042008,Pematang Sapat,878470000
1121,10,JAMBI,1008,KAB. T E B O,1509052001,Teluk Singkawang,852420000
1122,10,JAMBI,1008,KAB. T E B O,1509052002,Lembak Bungur,803328000
1123,10,JAMBI,1008,KAB. T E B O,1509052003,Teluk Langkap,888614000
1124,10,JAMBI,1008,KAB. T E B O,1509052004,Tambun Arang,1129239000
1125,10,JAMBI,1008,KAB. T E B O,1509052005,Punti Kalo,911225000
1126,10,JAMBI,1008,KAB. T E B O,1509052006,Jati Belarik,1023954000
1127,10,JAMBI,1008,KAB. T E B O,1509052007,Tuo Sumay,981533000
1128,10,JAMBI,1008,KAB. T E B O,1509052008,Teriti,788048000
1129,10,JAMBI,1008,KAB. T E B O,1509052009,Suo-Suo,959475000
1130,10,JAMBI,1008,KAB. T E B O,1509052010,Muara Sekalo,981436000
1131,10,JAMBI,1008,KAB. T E B O,1509052011,Semambu,1150284000
1132,10,JAMBI,1008,KAB. T E B O,1509052012,Pemayungan,1585733000
1133,10,JAMBI,1008,KAB. T E B O,1509062001,Tanjung Pucuk Jambi,1231747000
1134,10,JAMBI,1008,KAB. T E B O,1509062002,Kuamang,1178017000
1135,10,JAMBI,1008,KAB. T E B O,1509062003,Teluk Kayu Putih,925860000
1136,10,JAMBI,1008,KAB. T E B O,1509062004,Sungai Abang,1087103000
1137,10,JAMBI,1008,KAB. T E B O,1509062005,Aur Cino,764065000
1138,10,JAMBI,1008,KAB. T E B O,1509062007,Muara Niro,708199000
1139,10,JAMBI,1008,KAB. T E B O,1509062013,Teluk Lancang,711976000
1140,10,JAMBI,1008,KAB. T E B O,1509062014,Dusun Baru,676803000
1141,10,JAMBI,1008,KAB. T E B O,1509062015,Tabun,663974000
1142,10,JAMBI,1008,KAB. T E B O,1509062016,Muara Tabun,904112000
1143,10,JAMBI,1008,KAB. T E B O,1509072001,Suka Damai,1125528000
1144,10,JAMBI,1008,KAB. T E B O,1509072002,Wanareja,1209915000
1145,10,JAMBI,1008,KAB. T E B O,1509072003,Sumber Sari,1194603000
1146,10,JAMBI,1008,KAB. T E B O,1509072004,Sido Rukun,1056166000
1147,10,JAMBI,1008,KAB. T E B O,1509072005,Sungai Pandan,763311000
1148,10,JAMBI,1008,KAB. T E B O,1509072006,Suka Maju,1298259000
1149,10,JAMBI,1008,KAB. T E B O,1509082001,Giriwinangun,951535000
1150,10,JAMBI,1008,KAB. T E B O,1509082002,Sidorejo,755212000
1151,10,JAMBI,1008,KAB. T E B O,1509082003,Pulung Rejo,761508000
1152,10,JAMBI,1008,KAB. T E B O,1509082004,Karang Dadi,705143000
1153,10,JAMBI,1008,KAB. T E B O,1509082005,Giri Purno,770099000
1154,10,JAMBI,1008,KAB. T E B O,1509082006,Sumber Agung,754657000
1155,10,JAMBI,1008,KAB. T E B O,1509082007,Sarimulya,915417000
1156,10,JAMBI,1008,KAB. T E B O,1509082008,Sepakat Bersatu,724920000
1157,10,JAMBI,1008,KAB. T E B O,1509082009,Rantau Kembang,713857000
1158,10,JAMBI,1008,KAB. T E B O,1509092001,Muara Kilis,1064759000
1159,10,JAMBI,1008,KAB. T E B O,1509092002,Penapalan,905162000
1160,10,JAMBI,1008,KAB. T E B O,1509092003,Mengupeh,1000164000
1161,10,JAMBI,1008,KAB. T E B O,1509092004,Rantau Api,847971000
1162,10,JAMBI,1008,KAB. T E B O,1509092005,Lubuk Mandarsah,1352717000
1163,10,JAMBI,1008,KAB. T E B O,1509102001,Pinang Belai,756066000
1164,10,JAMBI,1008,KAB. T E B O,1509102002,Sekutur Jaya,644518000
1165,10,JAMBI,1008,KAB. T E B O,1509102003,Bukit Pamuatan,928385000
1166,10,JAMBI,1008,KAB. T E B O,1509102004,Napal Putih,773690000
1167,10,JAMBI,1008,KAB. T E B O,1509102005,Sako Makmur,726045000
1168,10,JAMBI,1008,KAB. T E B O,1509102006,Pagar Puding Lamo,879287000
1169,10,JAMBI,1008,KAB. T E B O,1509102007,Tanjung Aur Seberang,688800000
1170,10,JAMBI,1008,KAB. T E B O,1509102008,Teluk Melintang,708213000
1171,10,JAMBI,1008,KAB. T E B O,1509112001,Teluk Kepayang Pulau Indah,825680000
1172,10,JAMBI,1008,KAB. T E B O,1509112002,Balai Rajo,1388789000
1173,10,JAMBI,1008,KAB. T E B O,1509112003,Cermin Alam,1221255000
1174,10,JAMBI,1008,KAB. T E B O,1509112004,Sungai Karang,1022272000
1175,10,JAMBI,1008,KAB. T E B O,1509112005,Paseban,891155000
1176,10,JAMBI,1008,KAB. T E B O,1509112006,Pasir Mayang,795455000
1177,10,JAMBI,1008,KAB. T E B O,1509122001,Tanah Garo,901085000
1178,10,JAMBI,1008,KAB. T E B O,1509122002,Pintas Tuo,1039498000
1179,10,JAMBI,1008,KAB. T E B O,1509122003,Embacang Gedang,1113908000
1180,10,JAMBI,1008,KAB. T E B O,1509122004,Bangun Seranten,928833000
1181,10,JAMBI,1008,KAB. T E B O,1509122005,Tambun Arang,885753000
1182,10,JAMBI,1008,KAB. T E B O,1509122006,Sungai Jernih,1062379000
1183,10,JAMBI,1008,KAB. T E B O,1509122007,Bangko Pintas,1005430000
1184,10,JAMBI,1008,KAB. T E B O,1509122008,Olak Kemang,752001000
1185,10,JAMBI,1009,KAB. MUARO JAMBI,1505012002,Sungai Bertam,882715000
1186,10,JAMBI,1009,KAB. MUARO JAMBI,1505012004,Pematang Jering,943951000
1187,10,JAMBI,1009,KAB. MUARO JAMBI,1505012005,Muaro Pijoan,1048192000
1188,10,JAMBI,1009,KAB. MUARO JAMBI,1505012006,Sungai Duren,828991000
1189,10,JAMBI,1009,KAB. MUARO JAMBI,1505012007,Mendalo Darat,995211000
1190,10,JAMBI,1009,KAB. MUARO JAMBI,1505012008,Rengas Bandung,1086735000
1191,10,JAMBI,1009,KAB. MUARO JAMBI,1505012009,Sarang Burung,925746000
1192,10,JAMBI,1009,KAB. MUARO JAMBI,1505012010,Mendalo Laut,702021000
1193,10,JAMBI,1009,KAB. MUARO JAMBI,1505012011,Sembubuk,763745000
1194,10,JAMBI,1009,KAB. MUARO JAMBI,1505012012,Senaung,1170901000
1195,10,JAMBI,1009,KAB. MUARO JAMBI,1505012013,Penyengat Olak,905103000
1196,10,JAMBI,1009,KAB. MUARO JAMBI,1505012014,Simpang Sungai Duren,823348000
1197,10,JAMBI,1009,KAB. MUARO JAMBI,1505012015,Kedemangan,802328000
1198,10,JAMBI,1009,KAB. MUARO JAMBI,1505012016,Muhajirin,1134745000
1199,10,JAMBI,1009,KAB. MUARO JAMBI,1505012017,Maro Sebo,919973000
1200,10,JAMBI,1009,KAB. MUARO JAMBI,1505012019,Danau Sarang Elang,690455000
1201,10,JAMBI,1009,KAB. MUARO JAMBI,1505012020,Simpang Limo,769226000
1202,10,JAMBI,1009,KAB. MUARO JAMBI,1505012021,Mendalo Indah,778992000
1203,10,JAMBI,1009,KAB. MUARO JAMBI,1505012022,Pematang Gajah,1259768000
1204,10,JAMBI,1009,KAB. MUARO JAMBI,1505022001,Suak Putat,813574000
1205,10,JAMBI,1009,KAB. MUARO JAMBI,1505022002,Rantau Majo,713262000
1206,10,JAMBI,1009,KAB. MUARO JAMBI,1505022003,Pulau Kayu Aro,751002000
1207,10,JAMBI,1009,KAB. MUARO JAMBI,1505022004,Pematang Pulai,939313000
1208,10,JAMBI,1009,KAB. MUARO JAMBI,1505022005,Tan Tan,934506000
1209,10,JAMBI,1009,KAB. MUARO JAMBI,1505022006,Kedotan,704674000
1210,10,JAMBI,1009,KAB. MUARO JAMBI,1505022007,Keranggan,764126000
1211,10,JAMBI,1009,KAB. MUARO JAMBI,1505022008,Berembang,791986000
1212,10,JAMBI,1009,KAB. MUARO JAMBI,1505022009,Sekernan,861560000
1213,10,JAMBI,1009,KAB. MUARO JAMBI,1505022011,Gerunggung,699057000
1214,10,JAMBI,1009,KAB. MUARO JAMBI,1505022012,Tunas Baru,882687000
1215,10,JAMBI,1009,KAB. MUARO JAMBI,1505022013,Bukit Baling,1007504000
1216,10,JAMBI,1009,KAB. MUARO JAMBI,1505022014,Tanjung Lanjut,716997000
1217,10,JAMBI,1009,KAB. MUARO JAMBI,1505022015,Suko Awin Jaya,1102337000
1218,10,JAMBI,1009,KAB. MUARO JAMBI,1505022016,Tunas Mudo,752796000
1219,10,JAMBI,1009,KAB. MUARO JAMBI,1505032001,Puding,771003000
1220,10,JAMBI,1009,KAB. MUARO JAMBI,1505032002,Pulau Mentaro,706433000
1221,10,JAMBI,1009,KAB. MUARO JAMBI,1505032003,Betung,687957000
1222,10,JAMBI,1009,KAB. MUARO JAMBI,1505032004,Pematang Raman,931218000
1223,10,JAMBI,1009,KAB. MUARO JAMBI,1505032005,Sungai Bungur,806348000
1224,10,JAMBI,1009,KAB. MUARO JAMBI,1505032006,Seponjen,777520000
1225,10,JAMBI,1009,KAB. MUARO JAMBI,1505032007,Sogo,708252000
1226,10,JAMBI,1009,KAB. MUARO JAMBI,1505032009,Sungai Aur,900598000
1227,10,JAMBI,1009,KAB. MUARO JAMBI,1505032010,Jebus,716366000
1228,10,JAMBI,1009,KAB. MUARO JAMBI,1505032011,Gedong Karya,819420000
1229,10,JAMBI,1009,KAB. MUARO JAMBI,1505032013,Rantau Panjang,806911000
1230,10,JAMBI,1009,KAB. MUARO JAMBI,1505032014,Londerang,1195083000
1231,10,JAMBI,1009,KAB. MUARO JAMBI,1505032016,Petanang,673066000
1232,10,JAMBI,1009,KAB. MUARO JAMBI,1505032017,Mekar Sari,1072749000
1233,10,JAMBI,1009,KAB. MUARO JAMBI,1505032018,Rondang,716043000
1234,10,JAMBI,1009,KAB. MUARO JAMBI,1505032019,Maju Jaya,925834000
1235,10,JAMBI,1009,KAB. MUARO JAMBI,1505042001,Setiris,890988000
1236,10,JAMBI,1009,KAB. MUARO JAMBI,1505042003,Tanjung Katung,1130023000
1237,10,JAMBI,1009,KAB. MUARO JAMBI,1505042004,Jambi Tulo,771874000
1238,10,JAMBI,1009,KAB. MUARO JAMBI,1505042005,Baru,646784000
1239,10,JAMBI,1009,KAB. MUARO JAMBI,1505042006,Danau Lamo,874766000
1240,10,JAMBI,1009,KAB. MUARO JAMBI,1505042007,Muaro Jambi,869313000
1241,10,JAMBI,1009,KAB. MUARO JAMBI,1505042016,Niaso,694816000
1242,10,JAMBI,1009,KAB. MUARO JAMBI,1505042017,Bakung,697575000
1243,10,JAMBI,1009,KAB. MUARO JAMBI,1505042018,Danau Kedap,696663000
1244,10,JAMBI,1009,KAB. MUARO JAMBI,1505042019,Mudung Darat,777991000
1245,10,JAMBI,1009,KAB. MUARO JAMBI,1505042020,Lubuk Raman,735968000
1246,10,JAMBI,1009,KAB. MUARO JAMBI,1505052001,Tanjung Pauh Km. 32,801455000
1247,10,JAMBI,1009,KAB. MUARO JAMBI,1505052002,Pelempang,785236000
1248,10,JAMBI,1009,KAB. MUARO JAMBI,1505052003,Sungai Landai,877167000
1249,10,JAMBI,1009,KAB. MUARO JAMBI,1505052004,Ibru,656866000
1250,10,JAMBI,1009,KAB. MUARO JAMBI,1505052005,Nagasari,783887000
1251,10,JAMBI,1009,KAB. MUARO JAMBI,1505052006,Sebapo,863897000
1252,10,JAMBI,1009,KAB. MUARO JAMBI,1505052010,Baru,824083000
1253,10,JAMBI,1009,KAB. MUARO JAMBI,1505052011,Tanjung Pauh Km. 39,867620000
1254,10,JAMBI,1009,KAB. MUARO JAMBI,1505052012,Nyogan,1177351000
1255,10,JAMBI,1009,KAB. MUARO JAMBI,1505052015,Suka Damai,767866000
1256,10,JAMBI,1009,KAB. MUARO JAMBI,1505052016,Pondok Meja,922091000
1257,10,JAMBI,1009,KAB. MUARO JAMBI,1505052017,Suka Maju,1269748000
1258,10,JAMBI,1009,KAB. MUARO JAMBI,1505052018,Tanjung Pauh Talang Pelita,745218000
1259,10,JAMBI,1009,KAB. MUARO JAMBI,1505052019,Muaro Sebapo,895750000
1260,10,JAMBI,1009,KAB. MUARO JAMBI,1505062001,Pudak,960674000
1261,10,JAMBI,1009,KAB. MUARO JAMBI,1505062002,Muara Kumpeh,897182000
1262,10,JAMBI,1009,KAB. MUARO JAMBI,1505062003,Kota Karang,1009033000
1263,10,JAMBI,1009,KAB. MUARO JAMBI,1505062004,Kasang Lopak Alai,756380000
1264,10,JAMBI,1009,KAB. MUARO JAMBI,1505062005,Kasang Pudak,1237747000
1265,10,JAMBI,1009,KAB. MUARO JAMBI,1505062008,Solok,792779000
1266,10,JAMBI,1009,KAB. MUARO JAMBI,1505062009,Sakean,756580000
1267,10,JAMBI,1009,KAB. MUARO JAMBI,1505062010,Lopak Alai,679720000
1268,10,JAMBI,1009,KAB. MUARO JAMBI,1505062011,Tarikan,878455000
1269,10,JAMBI,1009,KAB. MUARO JAMBI,1505062012,Ramin,763097000
1270,10,JAMBI,1009,KAB. MUARO JAMBI,1505062013,Teluk Raya,825246000
1271,10,JAMBI,1009,KAB. MUARO JAMBI,1505062014,Pemunduran,712171000
1272,10,JAMBI,1009,KAB. MUARO JAMBI,1505062015,Sipin Teluk Duren,802043000
1273,10,JAMBI,1009,KAB. MUARO JAMBI,1505062016,Arang Arang,752065000
1274,10,JAMBI,1009,KAB. MUARO JAMBI,1505062017,Sumber Jaya,839194000
1275,10,JAMBI,1009,KAB. MUARO JAMBI,1505062018,Sungai Terap,742917000
1276,10,JAMBI,1009,KAB. MUARO JAMBI,1505062023,Kasang Kumpeh,803588000
1277,10,JAMBI,1009,KAB. MUARO JAMBI,1505062024,Kasang Kota Karang,744640000
1278,10,JAMBI,1009,KAB. MUARO JAMBI,1505072004,Suka Makmur,735010000
1279,10,JAMBI,1009,KAB. MUARO JAMBI,1505072005,Marga Mulya,824507000
1280,10,JAMBI,1009,KAB. MUARO JAMBI,1505072006,Panca Mulya,761658000
1281,10,JAMBI,1009,KAB. MUARO JAMBI,1505072007,Marga Manunggal Jaya,821582000
1282,10,JAMBI,1009,KAB. MUARO JAMBI,1505072012,Tanjung Harapan,1025769000
1283,10,JAMBI,1009,KAB. MUARO JAMBI,1505072013,Berkah,744728000
1284,10,JAMBI,1009,KAB. MUARO JAMBI,1505072018,Bukit Makmur,1116569000
1285,10,JAMBI,1009,KAB. MUARO JAMBI,1505072021,Bukit Mas,960305000
1286,10,JAMBI,1009,KAB. MUARO JAMBI,1505072025,Mekar Sari Makmur,773536000
1287,10,JAMBI,1009,KAB. MUARO JAMBI,1505072033,Bakti Mulya,722107000
1288,10,JAMBI,1009,KAB. MUARO JAMBI,1505072034,Panca Bakti,1006066000
1289,10,JAMBI,1009,KAB. MUARO JAMBI,1505082001,Kebon IX,991112000
1290,10,JAMBI,1009,KAB. MUARO JAMBI,1505082002,Talang Belido,1268371000
1291,10,JAMBI,1009,KAB. MUARO JAMBI,1505082003,Talang Kerinci,805486000
1292,10,JAMBI,1009,KAB. MUARO JAMBI,1505082004,Ladang Panjang,952645000
1293,10,JAMBI,1009,KAB. MUARO JAMBI,1505082005,Tangkit,1102537000
1294,10,JAMBI,1009,KAB. MUARO JAMBI,1505082006,Tangkit Baru,841383000
1295,10,JAMBI,1009,KAB. MUARO JAMBI,1505082007,Sungai Gelam,1530470000
1296,10,JAMBI,1009,KAB. MUARO JAMBI,1505082008,Parit,1032672000
1297,10,JAMBI,1009,KAB. MUARO JAMBI,1505082009,Petaling Jaya,762165000
1298,10,JAMBI,1009,KAB. MUARO JAMBI,1505082010,Sumber Agung,817539000
1299,10,JAMBI,1009,KAB. MUARO JAMBI,1505082011,Mingkung Jaya,789080000
1300,10,JAMBI,1009,KAB. MUARO JAMBI,1505082012,Trimulya Jaya,1031122000
1301,10,JAMBI,1009,KAB. MUARO JAMBI,1505082013,Mekar Jaya,970907000
1302,10,JAMBI,1009,KAB. MUARO JAMBI,1505082014,Sido Mukti,948412000
1303,10,JAMBI,1009,KAB. MUARO JAMBI,1505082015,Gambut Jaya,702149000
1304,10,JAMBI,1009,KAB. MUARO JAMBI,1505092001,Talang Bukit,745905000
1305,10,JAMBI,1009,KAB. MUARO JAMBI,1505092002,Talang Datar,666591000
1306,10,JAMBI,1009,KAB. MUARO JAMBI,1505092003,Sumber Mulya,655564000
1307,10,JAMBI,1009,KAB. MUARO JAMBI,1505092004,Mulya Jaya,692403000
1308,10,JAMBI,1009,KAB. MUARO JAMBI,1505092005,Matra Manunggal,677310000
1309,10,JAMBI,1009,KAB. MUARO JAMBI,1505092006,Bukit Mulya,685888000
1310,10,JAMBI,1009,KAB. MUARO JAMBI,1505092007,Sumber Jaya,665487000
1311,10,JAMBI,1009,KAB. MUARO JAMBI,1505092008,Pinang Tinggi,696282000
1312,10,JAMBI,1009,KAB. MUARO JAMBI,1505092009,Markanding,856491000
1313,10,JAMBI,1009,KAB. MUARO JAMBI,1505092010,Sungai Dayo,695462000
1314,10,JAMBI,1009,KAB. MUARO JAMBI,1505092011,Bahar Mulya,693773000
1315,10,JAMBI,1009,KAB. MUARO JAMBI,1505102001,Bukit Subur,717913000
1316,10,JAMBI,1009,KAB. MUARO JAMBI,1505102002,Tri Jaya,674965000
1317,10,JAMBI,1009,KAB. MUARO JAMBI,1505102003,Mekar Jaya,645148000
1318,10,JAMBI,1009,KAB. MUARO JAMBI,1505102004,Ujung Tanjung,712541000
1319,10,JAMBI,1009,KAB. MUARO JAMBI,1505102005,Tanjung Baru,661065000
1320,10,JAMBI,1009,KAB. MUARO JAMBI,1505102006,Tanjung Mulia,759838000
1321,10,JAMBI,1009,KAB. MUARO JAMBI,1505102007,Adipura Kencana,650331000
1322,10,JAMBI,1009,KAB. MUARO JAMBI,1505102008,Bukit Jaya,778491000
1323,10,JAMBI,1009,KAB. MUARO JAMBI,1505102009,Tanjung Sari,755258000
1324,10,JAMBI,1009,KAB. MUARO JAMBI,1505102010,Tanjung Lebar,1014154000
1325,10,JAMBI,1009,KAB. MUARO JAMBI,1505112001,Kunangan,746735000
1326,10,JAMBI,1009,KAB. MUARO JAMBI,1505112002,Talang Duku,858820000
1327,10,JAMBI,1009,KAB. MUARO JAMBI,1505112003,Tebat Patah,716525000
1328,10,JAMBI,1009,KAB. MUARO JAMBI,1505112004,Kemingking Dalam,1061876000
1329,10,JAMBI,1009,KAB. MUARO JAMBI,1505112005,Teluk Jambu,741555000
1330,10,JAMBI,1009,KAB. MUARO JAMBI,1505112006,Dusun Mudo,771721000
1331,10,JAMBI,1009,KAB. MUARO JAMBI,1505112007,Sekumbung,700626000
1332,10,JAMBI,1009,KAB. MUARO JAMBI,1505112008,Kemingking Luar,708362000
1333,10,JAMBI,1009,KAB. MUARO JAMBI,1505112009,Rukam,876739000
1334,10,JAMBI,1009,KAB. MUARO JAMBI,1505112010,Manis Mato,717482000
1335,10,JAMBI,1052,KOTA SUNGAI PENUH,1572012004,Pasar Baru,617334000
1336,10,JAMBI,1052,KOTA SUNGAI PENUH,1572012006,Gedang,784496000
1337,10,JAMBI,1052,KOTA SUNGAI PENUH,1572012014,Amar Sakti,671641000
1338,10,JAMBI,1052,KOTA SUNGAI PENUH,1572022001,Koto Renah,672331000
1339,10,JAMBI,1052,KOTA SUNGAI PENUH,1572022002,Koto Keras,723501000
1340,10,JAMBI,1052,KOTA SUNGAI PENUH,1572022003,Koto Bento,651015000
1341,10,JAMBI,1052,KOTA SUNGAI PENUH,1572022004,Koto Lolo,722693000
1342,10,JAMBI,1052,KOTA SUNGAI PENUH,1572022005,Koto Tengah,687680000
1343,10,JAMBI,1052,KOTA SUNGAI PENUH,1572022008,Koto Duo,1072107000
1344,10,JAMBI,1052,KOTA SUNGAI PENUH,1572022010,Sungai Liuk,696451000
1345,10,JAMBI,1052,KOTA SUNGAI PENUH,1572022011,Seberang,697683000
1346,10,JAMBI,1052,KOTA SUNGAI PENUH,1572022015,Sumur Gedang,897768000
1347,10,JAMBI,1052,KOTA SUNGAI PENUH,1572032001,Kampung Diilir,661640000
1348,10,JAMBI,1052,KOTA SUNGAI PENUH,1572032002,Koto Beringin,678287000
1349,10,JAMBI,1052,KOTA SUNGAI PENUH,1572032003,Maliki Air,654536000
1350,10,JAMBI,1052,KOTA SUNGAI PENUH,1572032004,Tanjung,668770000
1351,10,JAMBI,1052,KOTA SUNGAI PENUH,1572032005,Koto Teluk,661254000
1352,10,JAMBI,1052,KOTA SUNGAI PENUH,1572032006,Kampung Dalam,691371000
1353,10,JAMBI,1052,KOTA SUNGAI PENUH,1572032007,Simpang Tiga Rawang,794461000
1354,10,JAMBI,1052,KOTA SUNGAI PENUH,1572032008,Larik Kemahan,670927000
1355,10,JAMBI,1052,KOTA SUNGAI PENUH,1572032009,Dusun Diilir,655353000
1356,10,JAMBI,1052,KOTA SUNGAI PENUH,1572032010,Paling Serumpun,1042333000
1357,10,JAMBI,1052,KOTA SUNGAI PENUH,1572032011,Koto Dian,766946000
1358,10,JAMBI,1052,KOTA SUNGAI PENUH,1572032012,Tanjung Muda,655549000
1359,10,JAMBI,1052,KOTA SUNGAI PENUH,1572032013,Cempaka,653107000
1360,10,JAMBI,1052,KOTA SUNGAI PENUH,1572042001,Baru Debai,681548000
1361,10,JAMBI,1052,KOTA SUNGAI PENUH,1572042002,Pendung Hiang,671917000
1362,10,JAMBI,1052,KOTA SUNGAI PENUH,1572042003,Koto Pudung,914159000
1363,10,JAMBI,1052,KOTA SUNGAI PENUH,1572042004,Koto Dumo,927961000
1364,10,JAMBI,1052,KOTA SUNGAI PENUH,1572042005,Sembilan,675450000
1365,10,JAMBI,1052,KOTA SUNGAI PENUH,1572042006,Koto Tuo,640413000
1366,10,JAMBI,1052,KOTA SUNGAI PENUH,1572042007,Koto Panap,632259000
1367,10,JAMBI,1052,KOTA SUNGAI PENUH,1572042008,Koto Tengah,660989000
1368,10,JAMBI,1052,KOTA SUNGAI PENUH,1572042009,Tanjung Bunga,645024000
1369,10,JAMBI,1052,KOTA SUNGAI PENUH,1572042010,Koto Padang,684315000
1370,10,JAMBI,1052,KOTA SUNGAI PENUH,1572042011,Tanjung Karang,606843000
1371,10,JAMBI,1052,KOTA SUNGAI PENUH,1572042012,Kt. Baru Tanah Kampung,653089000
1372,10,JAMBI,1052,KOTA SUNGAI PENUH,1572042013,Mekar Jaya,668044000
1373,10,JAMBI,1052,KOTA SUNGAI PENUH,1572052001,Kumun Hilir,642587000
1374,10,JAMBI,1052,KOTA SUNGAI PENUH,1572052002,Kumun Mudik,721485000
1375,10,JAMBI,1052,KOTA SUNGAI PENUH,1572052003,Air Teluh,658852000
1376,10,JAMBI,1052,KOTA SUNGAI PENUH,1572052004,Sandaran Galeh,777046000
1377,10,JAMBI,1052,KOTA SUNGAI PENUH,1572052005,Debai,887174000
1378,10,JAMBI,1052,KOTA SUNGAI PENUH,1572052006,Pinggir Air,925007000
1379,10,JAMBI,1052,KOTA SUNGAI PENUH,1572052007,Renah Kayu Embun,1002797000
1380,10,JAMBI,1052,KOTA SUNGAI PENUH,1572052008,Ulu Air,686740000
1381,10,JAMBI,1052,KOTA SUNGAI PENUH,1572052009,Muara Jaya,746895000
1382,10,JAMBI,1052,KOTA SUNGAI PENUH,1572062001,Sungai Jernih,789180000
1383,10,JAMBI,1052,KOTA SUNGAI PENUH,1572062002,Aur Duri,690330000
1384,10,JAMBI,1052,KOTA SUNGAI PENUH,1572062003,Pondok Agung,658129000
1385,10,JAMBI,1052,KOTA SUNGAI PENUH,1572062004,Permanti,657493000
1386,10,JAMBI,1052,KOTA SUNGAI PENUH,1572062005,Lawang Agung,845767000
1387,10,JAMBI,1052,KOTA SUNGAI PENUH,1572062006,Karya Bakti,959003000
1388,10,JAMBI,1052,KOTA SUNGAI PENUH,1572062007,Koto Lebu,647287000
1389,10,JAMBI,1052,KOTA SUNGAI PENUH,1572072001,Koto Baru,767676000
1390,10,JAMBI,1052,KOTA SUNGAI PENUH,1572072002,Koto Limau Manis,754886000
1391,10,JAMBI,1052,KOTA SUNGAI PENUH,1572072003,Kampung Tengah,683541000
1392,10,JAMBI,1052,KOTA SUNGAI PENUH,1572072004,Dujung Sakti,1041782000
1393,10,JAMBI,1052,KOTA SUNGAI PENUH,1572072005,Permai Indah,644852000
1394,10,JAMBI,1052,KOTA SUNGAI PENUH,1572072006,Srimenanti,674340000
1395,10,JAMBI,1052,KOTA SUNGAI PENUH,1572082001,Sumur Anyir,704225000
1396,10,JAMBI,1052,KOTA SUNGAI PENUH,1572082002,Koto Tinggi,861897000
1397,10,JAMBI,1052,KOTA SUNGAI PENUH,1572082003,Talang Lindung,721613000
1398,10,JAMBI,1052,KOTA SUNGAI PENUH,1572082004,Pelayang Raya,715600000
1399,10,JAMBI,1052,KOTA SUNGAI PENUH,1572082006,Sungai Ning,696940000
