doi,title,year,journal,sjr_quartile,core_rank,citations,source_db,oa_url,abstract,is_duplicate,language,authors,paper_type,score_journal_quality,score_methodological_rigor,score_relevance_to_rq,score_recency,score_citation_impact,quality_score,pdf_filename,acquisition_status
10.3390/app12199637,Financial Fraud Detection Based on Machine Learning: A Systematic Literature Review,2022,Applied Sciences,Q2,,338,openalex-S1-OA,https://www.mdpi.com/2076-3417/12/19/9637/pdf?version=1664239132,"Financial fraud, considered as deceptive tactics for gaining financial benefits, has recently become a widespread menace in companies and organizations. Conventional techniques such as manual verifications and inspections are imprecise, costly, and time consuming for identifying such fraudulent activities. With the advent of artificial intelligence, machine-learning-based approaches can be used intelligently to detect fraudulent transactions by analyzing a large number of financial data. Therefore, this paper attempts to present a systematic literature review (SLR) that systematically reviews and synthesizes the existing literature on machine learning (ML)-based fraud detection. Particularly, the review employed the Kitchenham approach, which uses well-defined protocols to extract and synthesize the relevant articles; it then report the obtained results. Based on the specified search strategies from popular electronic database libraries, several studies have been gathered. After inclus",False,en,Abdulalem Ali; Shukor Abd Razak; Siti Hajar Othman,article,7.0,3.0,4.0,10.0,10.0,6.3,Financial_Fraud_Detection_Based_on_Machine_Learning__A_Syste.pdf,Already exists
10.1186/s40163-018-0093-5,To the moon: defining and detecting cryptocurrency pump-and-dumps,2018,Crime Science,Q2,,160,openalex-S1-OA,https://crimesciencejournal.biomedcentral.com/track/pdf/10.1186/s40163-018-0093-5,"Pump-and-dump schemes are fraudulent price manipulations through the spread of misinformation and have been around in economic settings since at least the 1700s. With new technologies around cryptocurrency trading, the problem has intensified to a shorter time scale and broader scope. The scientific literature on cryptocurrency pump-and-dump schemes is scarce, and government regulation has not yet caught up, leaving cryptocurrencies particularly vulnerable to this type of market manipulation. This paper examines existing information on pump-and-dump schemes from classical economic literature, synthesises this with cryptocurrencies, and proposes criteria that can be used to define a cryptocurrency pump-and-dump. These pump-and-dump patterns exhibit anomalous behaviour; thus, techniques from anomaly detection research are utilised to locate points of anomalous trading activity in order to flag potential pump-and-dump activity. The findings suggest that there are some signals in the tradi",False,en,Josh Kamps; Bennett Kleinberg,article,7.0,3.0,4.0,7.0,7.0,5.4,To_the_moon__defining_and_detecting_cryptocurrency_pump-and-.pdf,Already exists
10.1109/access.2021.3134076,Financial Cybercrime: A Comprehensive Survey of Deep Learning Approaches to Tackle the Evolving Financial Crime Landscape,2021,IEEE Access,Q1,,156,openalex-S1-OA,https://ieeexplore.ieee.org/ielx7/6287639/6514899/09642993.pdf,"Machine Learning and Deep Learning methods are widely adopted across financial domains to support trading activities, mobile banking, payments, and making customer credit decisions. These methods also play a vital role in combating financial crime, fraud, and cyberattacks. Financial crime is increasingly being committed over cyberspace, and cybercriminals are using a combination of hacking and social engineering techniques which are bypassing current financial and corporate institution security. With this comes a new umbrella term to capture the evolving landscape which is financial cybercrime. It is a combination of financial crime, hacking, and social engineering committed over cyberspace for the sole purpose of illegal economic gain. Identifying financial cybercrime-related activities is a hard problem, for example, a highly restrictive algorithm may block all suspicious activity obstructing genuine customer business. Navigating and identifying legitimate illicit transactions is not",False,en,Jack Nicholls; Aditya Kuppa; Nhien‐An Le‐Khac,article,10.0,3.0,4.0,7.0,10.0,6.6,Financial_Cybercrime__A_Comprehensive_Survey_of_Deep_Learnin.pdf,Already exists
10.3390/electronics11193252,Imperative Role of Integrating Digitalization in the Firms Finance: A Technological Perspective,2022,Electronics,Q2,,147,openalex-S1-OA,https://www.mdpi.com/2079-9292/11/19/3252/pdf?version=1665564139,"Financial management is a critical aspect of firms, and entails the strategic planning, direction, and control of financial endeavors. Risk assessment, fraud detection, wealth management, online transactions, customized bond scheme, customer retention, virtual assistant and so on, are a few of the critical areas where Industry 4.0 technologies intervention are highly required for managing firms' finance. It has been identified from the previous studies that they are limited studies that have addressed the significance and application of integrating of Industry 4.0 technologies such as Internet of Things (IoT), cloud computing, big data, robotic process automation (RPA), artificial intelligence (AI), Blockchain, Digital twin, and Metaverse. With the motivation from the above aspects, this study aims to discuss the role of these technologies in the area of financial management of a firm. Based up on the analysis, it has been concluded that these technologies assist to credit risk managem",False,en,Deepa Bisht; Rajesh Singh; Anita Gehlot,article,7.0,3.0,4.0,10.0,10.0,6.3,Imperative_Role_of_Integrating_Digitalization_in_the_Firms_F.pdf,Already exists
10.1016/j.jii.2023.100520,Securing the digital world: Protecting smart infrastructures and digital industries with artificial intelligence (AI)-enabled malware and intrusion detection,2023,Journal of Industrial Information Integration,Q1,,123,openalex-S1-OA,https://doi.org/10.1016/j.jii.2023.100520,"The last decades have been characterized by unprecedented technological advances, many of them powered by modern technologies such as Artificial Intelligence (AI) and Machine Learning (ML). The world has become more digitally connected than ever, but we face major challenges. One of the most significant is cybercrime, which has emerged as a global threat to governments, businesses, and civil societies. The pervasiveness of digital technologies combined with a constantly shifting technological foundation has created a complex and powerful playground for cybercriminals, which triggered a surge in demand for intelligent threat detection systems based on machine and deep learning. This paper investigates AI-based cyber threat detection to protect our modern digital ecosystems. The primary focus is on evaluating ML-based classifiers and ensembles for anomaly-based malware detection and network intrusion detection and how to integrate those models in the context of network security, mobile s",False,en,Marc Schmitt,article,10.0,3.0,4.0,10.0,10.0,7.05,Securing_the_digital_world__Protecting_smart_infrastructures.pdf,Already exists
10.1109/access.2022.3194569,"Blockchain and AI-Empowered Healthcare Insurance Fraud Detection: an Analysis, Architecture, and Future Prospects",2022,IEEE Access,Q1,,114,openalex-S1-OA,https://ieeexplore.ieee.org/ielx7/6287639/6514899/09843995.pdf,"Nowadays, health insurance has become an essential part of people&#x2019;s lives as the number of health issues increases. Healthcare emergencies can be troublesome for people who can&#x2019;t afford huge expenses. Health insurance helps people cover healthcare services expenses in case of a medical emergency and provides financial backup against indebtedness risk. Health insurance and its several benefits can face many security, privacy, and fraud issues. For the past few years, fraud has been a sensitive issue in the health insurance domain as it incurs high losses for individuals, private firms, and governments. So, it is essential for national authorities and private firms to develop systems to detect fraudulent cases and payments. A high volume of health insurance data in electronic form is generated, which is highly sensitive and attracts malicious users. Motivated by these facts, we present a systematic survey for Artificial Intelligence (AI) and blockchain-enabled secure health",False,en,Khyati Kapadiya; Usha Patel; Rajesh Gupta,article,10.0,3.0,4.0,10.0,10.0,7.05,Blockchain_and_AI-Empowered_Healthcare_Insurance_Fraud_Detec.pdf,Already exists
10.1109/access.2023.3339226,Online Payment Fraud Detection Model Using Machine Learning Techniques,2023,IEEE Access,Q1,,112,openalex-S1-OA,https://ieeexplore.ieee.org/ielx7/6287639/6514899/10341223.pdf,"In a world where wireless communications are critical for transferring massive quantities of data while protecting against interference, the growing possibility of financial fraud has become a significant concern. The ResNeXt-embedded Gated Recurrent Unit (GRU) model (RXT) is a unique approach precisely created for real-time financial transaction data processing. Motivated by the need to address the rising threat of financial fraud, which poses major risks to financial institutions and customers, our technique takes a systematic approach. We initiate the process with data input and preprocessing, addressing data imbalance through the Synthetic Minority Over-sampling Technique (SMOTE). Feature extraction uses an ensemble approach that combines autoencoders and ResNet (EARN) to reveal critical data patterns, while feature engineering further enhances the model’s discriminative capabilities. The core of our classification task lies in the RXT model, fine-tuned with hyperparameters using t",False,en,Abdulwahab Ali Almazroi; Nasir Ayub,article,10.0,3.0,10.0,10.0,10.0,8.25,Online_Payment_Fraud_Detection_Model_Using_Machine_Learning.pdf,Already exists
10.1017/s0003055419000285,The Fingerprints of Fraud: Evidence from Mexico’s 1988 Presidential Election,2019,American Political Science Review,Q1,,108,openalex-S1-OA,https://www.cambridge.org/core/services/aop-cambridge-core/content/view/8F3C1BCA4C53FE85EA48E51321E339E9/S0003055419000285a.pdf/div-class-title-the-fingerprints-of-fraud-evidence-from-mexico-s-1988-presidential-election-div.pdf,"This paper investigates the opportunities for non-democratic regimes to rely on fraud by documenting the alteration of vote tallies during the 1988 presidential election in Mexico. In particular, I study how the alteration of vote returns came after an electoral reform that centralized the vote-counting process. Using an original image database of the vote-tally sheets for that election and applying Convolutional Neural Networks (CNN) to analyze the sheets, I find evidence of blatant alterations in about a third of the tallies in the country. This empirical analysis shows that altered tallies were more prevalent in polling stations where the opposition was not present and in states controlled by governors with grassroots experience of managing the electoral operation. This research has implications for understanding the ways in which autocrats control elections as well as for introducing a new methodology to audit the integrity of vote tallies.",False,en,Francisco Cantú,article,10.0,3.0,1.0,7.0,10.0,6.0,The_Fingerprints_of_Fraud__Evidence_from_Mexico’s_1988_Presi.pdf,Already exists
10.9734/ajrcos/2024/v17i3424,AI-Driven Cloud Security: Examining the Impact of User Behavior Analysis on Threat Detection,2024,Asian Journal of Research in Computer Science,,,100,openalex-S1-OA,https://journalajrcos.com/index.php/AJRCOS/article/download/424/839,"This study explores the comparative effectiveness of AI-driven user behavior analysis and traditional security measures in cloud computing environments. It specifically examines their accuracy, speed, and predictive capabilities in detecting and responding to cyber threats. As reliance on cloud-based solutions intensifies, the integration of Artificial Intelligence (AI) and machine learning into cloud security has become increasingly vital. The research focuses on how AI-driven security systems, with their advanced pattern recognition and anomaly detection, compare to traditional methods in identifying deviations from standard user behaviors in cloud settings. Employing a quantitative approach, the study utilizes a detailed survey strategy, targeting cybersecurity professionals across multiple industries, including finance, healthcare, information technology, retail, and government sectors. The survey, comprising both closed-ended and Likert-scale questions, is designed to elicit nuanc",False,en,Samuel Oladiipo Olabanji; Yewande Alice Marquis; Chinasa Susan Adigwe,article,2.0,3.0,4.0,10.0,10.0,5.05,,"No open-access version found (tried OpenAlex, Unpaywall, MDPI, CrossRef, arXiv, IEEE, SemanticScholar, CORE, DirectURL)"
10.1002/jcaf.22663,Unleashing efficiency and insights: Exploring the potential applications and challenges of ChatGPT in accounting,2023,Journal of Corporate Accounting & Finance,Q3,,60,openalex-S1-OA,https://onlinelibrary.wiley.com/doi/pdfdirect/10.1002/jcaf.22663,"Abstract ChatGPT, an advanced natural language processing (NLP) model based on GPT‐4 architecture, demonstrates exceptional ability in comprehending, interpreting, and generating human‐like writings. Our study explores ChatGPT's potential applications and challenges in the accounting field. With cutting‐edge NLP capabilities, ChatGPT has the prospect of reshaping various accounting processes by automating repetitive tasks, enhancing financial and managerial reporting and analysis, improving auditing and tax practices, and simplifying client interactions. Meanwhile, recognizing and mitigating possible limitations are vital to ensure the ethical and reliable utilization of AI and NLP techniques in the accounting and business sectors. Our study provides practical insights for accounting professionals, policymakers, investors, and other stakeholders to leverage this cutting‐edge technology to revolutionize the accounting profession, echoing society's ideal blueprint for a promising AI‐empo",False,en,Joanna Zhao; Xinruo Wang,article,5.0,3.0,1.0,10.0,10.0,5.2,,"No open-access version found (tried OpenAlex, Unpaywall, MDPI, CrossRef, arXiv, IEEE, SemanticScholar, CORE, DirectURL)"
10.51594/farj.v6i3.855,INTEGRATING AI WITH BLOCKCHAIN FOR ENHANCED FINANCIAL SERVICES SECURITY,2024,Finance & Accounting Research Journal,Q3,,53,openalex-S1-OA,https://fepbl.com/index.php/farj/article/download/855/1055,"Integrating artificial intelligence (AI) with blockchain technology presents a transformative approach to enhancing security in financial services. This fusion leverages the strengths of both AI and blockchain to mitigate various security risks, including fraud, data breaches, and identity theft, thereby bolstering trust and confidence in financial transactions. This abstract explores the synergies between AI and blockchain, highlighting their combined capabilities, applications, and potential benefits for the financial services industry. AI algorithms, including machine learning and natural language processing, empower financial institutions to analyze vast amounts of data in real-time, identifying patterns, anomalies, and suspicious activities indicative of fraudulent behavior. By integrating AI-powered fraud detection systems with blockchain-based transactional networks, organizations can enhance security and transparency throughout the entire financial ecosystem. Blockchain's immut",False,en,Olubusola Odeyemi; Chinwe Chinazo Okoye; Onyeka Chrisanctus Ofodile,article,5.0,3.0,7.0,10.0,10.0,6.4,INTEGRATING_AI_WITH_BLOCKCHAIN_FOR_ENHANCED_FINANCIAL_SERVIC.pdf,Already exists
10.51594/csitrj.v5i2.759,EVOLVING TAX COMPLIANCE IN THE DIGITAL ERA: A COMPARATIVE ANALYSIS OF AI-DRIVEN MODELS AND BLOCKCHAIN TECHNOLOGY IN U.S. TAX ADMINISTRATION,2024,Computer Science & IT Research Journal,,,52,openalex-S1-OA,https://fepbl.com/index.php/csitrj/article/download/759/953,"This paper aims to provide a comprehensive review of the integration of artificial intelligence (AI) and blockchain technology in U.S. tax administration. It explores how these technologies are revolutionizing tax compliance and fraud detection, offering a comparative analysis with traditional methods. The paper highlights the potential benefits of these technologies in enhancing efficiency, accuracy, and transparency in tax administration, aligning with the U.S. government's objectives of ensuring fiscal integrity and public trust. The review also examines international best practices and proposes how the U.S. can leverage these technologies to maintain its global leadership in financial governance and innovation. The study is structured around four key objectives: assessing the current integration of AI and blockchain in tax administration, evaluating their effectiveness in enhancing tax compliance, identifying implementation challenges, and developing strategic recommendations. Empl",False,en,Odunayo Adewunmi Adelekan; Olawale Adisa; Bamidele Segun Ilugbusi,article,2.0,3.0,4.0,10.0,10.0,5.05,,"No open-access version found (tried OpenAlex, Unpaywall, MDPI, CrossRef, arXiv, IEEE, SemanticScholar, CORE, DirectURL)"
10.3390/economies12080199,The Role of IT Governance in the Integration of AI in Accounting and Auditing Operations,2024,Economies,Q2,,50,openalex-S1-OA,https://www.mdpi.com/2227-7099/12/8/199/pdf?version=1722499221,"IT governance is a framework that manages the efficient use of information technology within an organization, focusing on strategic alignment, risk management, resource management, performance measurement, compliance, and value delivery. This study investigates the role of IT governance in integrating artificial intelligence (AI) in accounting and auditing operations. Data were collected from 228 participants from Saudi Arabia using a combination of convenience sampling and snowball sampling methods. The collected data were then analyzed using structural equation modeling. Unexpectedly, the results demonstrate that AI, big data analytics, cloud computing, and deep learning technologies significantly enhance accounting and auditing functions’ efficiency and decision-making capabilities, leading to improved financial reporting and audit processes. The results highlight that IT governance plays a crucial role in managing the complexities of AI integration, aligning business strategies wit",False,en,Faozi A. Almaqtari,article,7.0,3.0,1.0,10.0,10.0,5.7,The_Role_of_IT_Governance_in_the_Integration_of_AI_in_Accoun.pdf,Already exists
10.1109/access.2024.3395051,Anomaly Detection in Smart Environments: A Comprehensive Survey,2024,IEEE Access,Q1,,49,openalex-S1-OA,https://doi.org/10.1109/access.2024.3395051,"Anomaly detection is a critical task in ensuring the security and safety of infrastructure and individuals in smart environments. This paper provides a comprehensive analysis of recent anomaly detection solutions in data streams supporting smart environments, with a specific focus on multivariate time series anomaly detection in various environments, such as smart home, smart transport, and smart industry. The aim is to offer a thorough overview of the current state-of-the-art in anomaly detection techniques applicable to these environments. This includes an examination of publicly available datasets suitable for developing these techniques. The survey is designed to inform future research and practical applications in the field, serving as a valuable resource for researchers and practitioners. It not only reviews a range of state-of-the-art anomaly detection methods, from statistical and proximity-based to those adopting deep learning-methods but also covers fundamental aspects of ano",False,en,Daniel Fährmann; Laura Martín; Luı́s Sánchez,article,10.0,3.0,4.0,10.0,10.0,7.05,Anomaly_Detection_in_Smart_Environments__A_Comprehensive_Sur.pdf,Already exists
10.1109/access.2022.3216007,A Review of Neural Networks for Anomaly Detection,2022,IEEE Access,Q1,,54,openalex-S4-OA,https://ieeexplore.ieee.org/ielx7/6287639/9668973/09925159.pdf,"Anomaly detection is a critical issue across several academic fields and real-world applications. Artificial neural networks have been proposed to detect anomalies from different input types, but there is no clear guide to deciding which model to use in a specific case. Therefore, this study examines the most relevant Neural Network Outlier Detection algorithms in the literature, compares their benefits and drawbacks in some application scenarios, and displays their outcomes in benchmark datasets. The initial search revealed 1422 papers on projects completed between 2017 and 2021. These papers were further narrowed based on title, abstract, quality assessment, inclusion, and exclusion criteria, remaining 76 articles. Finally, we reviewed these publications and verified that Autoencoder Neural Network, Convolutional Neural Network, Recurrent Neural Network, and Generative Adversarial Network have promisor outcomes for outlier detection, the advantages of these neural networks for outlie",False,en,José Edson de Albuquerque Filho; Laislla Carolina Pinheiro Brandão; Bruno Fernandes,review,10.0,3.0,4.0,10.0,7.0,6.6,A_Review_of_Neural_Networks_for_Anomaly_Detection.pdf,Already exists
10.7753/ijcatr1405.1007,Securing Government Revenue: A Cloud-Based AI Model for Predictive Detection of Tax-Related Financial Crimes,2025,International Journal of Computer Applications Technology and Research,,,5,openalex-S4-OA,https://doi.org/10.7753/ijcatr1405.1007,"In the evolving landscape of digital governance, tax-related financial crimes present a persistent threat to fiscal stability, particularly in emerging economies with fragmented data ecosystems and limited enforcement capabilities.Traditional audit-based approaches to revenue protection are often reactive, inefficient, and incapable of detecting complex, evolving fraud schemes.This paper proposes a cloud-based Artificial Intelligence (AI) framework designed to proactively detect and mitigate tax leakage by leveraging predictive analytics, real-time anomaly detection, and risk modeling.The proposed model integrates machine learning algorithms with tax compliance datasets, financial transaction logs, and third-party economic indicators to flag high-risk entities and patterns indicative of evasion, underreporting, and fictitious invoicing.By deploying the AI model within a secure cloud infrastructure, the system enables scalable, on-demand analytics that align with governmental data prote",False,en,Felix Adebayo; Bakare Haslam; Olumide Ikumapayi,article,2.0,3.0,10.0,10.0,4.0,5.35,,"No open-access version found (tried OpenAlex, Unpaywall, MDPI, CrossRef, arXiv, IEEE, SemanticScholar, CORE, DirectURL)"
10.3390/app8122663,Chained Anomaly Detection Models for Federated Learning: An Intrusion Detection Case Study,2018,Applied Sciences,Q2,,315,openalex-S5-OA,https://www.mdpi.com/2076-3417/8/12/2663/pdf?version=1545293822,"The adoption of machine learning and deep learning is on the rise in the cybersecurity domain where these AI methods help strengthen traditional system monitoring and threat detection solutions. However, adversaries too are becoming more effective in concealing malicious behavior amongst large amounts of benign behavior data. To address the increasing time-to-detection of these stealthy attacks, interconnected and federated learning systems can improve the detection of malicious behavior by joining forces and pooling together monitoring data. The major challenge that we address in this work is that in a federated learning setup, an adversary has many more opportunities to poison one of the local machine learning models with malicious training samples, thereby influencing the outcome of the federated learning and evading detection. We present a solution where contributing parties in federated learning can be held accountable and have their model updates audited. We describe a permission",False,en,Davy Preuveneers; Vera Rimmer; Ilias Tsingenopoulos,article,7.0,3.0,4.0,7.0,10.0,5.85,Chained_Anomaly_Detection_Models_for_Federated_Learning__An.pdf,Already exists
10.1038/s41598-024-51578-7,Blockchain security enhancement: an approach towards hybrid consensus algorithms and machine learning techniques,2024,Scientific Reports,,,126,openalex-S5-OA,https://www.nature.com/articles/s41598-024-51578-7.pdf,"In this paper, we propose hybrid consensus algorithms that combine machine learning (ML) techniques to address the challenges and vulnerabilities in blockchain networks. Consensus Protocols make ensuring agreement among the applicants in the distributed systems difficult. However, existing mechanisms are more vulnerable to cyber-attacks. Previous studies extensively explore the influence of cyber attacks and highlight the necessity for effective preventive measures. This research presents the integration of ML techniques with the proposed hybrid consensus algorithms and advantages over predicting cyber-attacks, anomaly detection, and feature extraction. Our hybrid approaches leverage and optimize the proposed consensus protocols' security, trust, and robustness. However, this research also explores the various ML techniques with hybrid consensus algorithms, such as Delegated Proof of Stake Work (DPoSW), Proof of Stake and Work (PoSW), Proof of CASBFT (PoCASBFT), Delegated Byzantine Pro",False,en,K. Venkatesan; Syarifah Bahiyah Rahayu,article,2.0,3.0,4.0,10.0,10.0,5.05,Blockchain_security_enhancement__an_approach_towards_hybrid.pdf,Already exists
10.1109/ojvt.2024.3422253,Deep Learning in the Fast Lane: A Survey on Advanced Intrusion Detection Systems for Intelligent Vehicle Networks,2024,IEEE Open Journal of Vehicular Technology,,,94,openalex-S5-OA,https://doi.org/10.1109/ojvt.2024.3422253,"The rapid evolution of modern automobiles into intelligent and interconnected entities presents new challenges in cybersecurity, particularly in Intrusion Detection Systems (IDS) for In-Vehicle Networks (IVNs). This survey paper offers an in-depth examination of advanced machine learning (ML) and deep learning (DL) approaches employed in developing sophisticated IDS for safeguarding IVNs against potential cyber-attacks. Specifically, we focus on the Controller Area Network (CAN) protocol, which is prevalent in in-vehicle communication systems, yet exhibits inherent security vulnerabilities. We propose a novel taxonomy categorizing IDS techniques into conventional ML, DL, and hybrid models, highlighting their applicability in detecting and mitigating various cyber threats, including spoofing, eavesdropping, and denial-of-service attacks. We highlight the transition from traditional signature-based to anomaly-based detection methods, emphasizing the significant advantages of AI-driven ap",False,en,Mohammed Almehdhar; Abdullatif Albaseer; Muhammad Asif Khan,article,2.0,3.0,4.0,10.0,10.0,5.05,Deep_Learning_in_the_Fast_Lane__A_Survey_on_Advanced_Intrusi.pdf,Already exists
10.3390/electronics12143103,DDoS Attack Detection in IoT-Based Networks Using Machine Learning Models: A Survey and Research Directions,2023,Electronics,Q2,,81,openalex-S5-OA,https://www.mdpi.com/2079-9292/12/14/3103/pdf?version=1689603528,"With the emergence of technology, the usage of IoT (Internet of Things) devices is said to be increasing in people’s lives. Such devices can benefit the average individual, who does not necessarily have to have technical knowledge. The IoT can be found in home security and alarm systems, smart fridges, smart televisions, and more. Although small Internet-connected devices have numerous benefits and can help enhance people’s efficiency, they also can pose a security threat. Malicious actors often attempt to find new ways to exploit and utilize certain resources, and IoT devices are a perfect candidate for such exploitation due to the huge volume of active devices. This is particularly true for Distributed Denial of Service (DDoS) attacks, which involve the exploitation of a massive number of devices, such as IoT devices, to act as bots and send fraudulent requests to services, thus obstructing them. To identify and detect whether such attacks have occurred or not in a network, there mus",False,en,Amal A. Alahmadi; Malak Aljabri; Fahd Alhaidari,article,7.0,3.0,4.0,10.0,10.0,6.3,DDoS_Attack_Detection_in_IoT-Based_Networks_Using_Machine_Le.pdf,Already exists
10.1109/access.2022.3179047,Hardware-Assisted Machine Learning in Resource-Constrained IoT Environments for Security: Review and Future Prospective,2022,IEEE Access,Q1,,77,openalex-S5-OA,https://ieeexplore.ieee.org/ielx7/6287639/6514899/09785622.pdf,"As the Internet of Things (IoT) technology advances, billions of multidisciplinary smart devices act in concert, rarely requiring human intervention, posing significant challenges in supporting trusted computing and user privacy, as well as protecting against attacks such as spoofing, denial of service (DoS), jamming, and eavesdropping. To tackle attacks on the IoT and cyber-physical ecosystem, many intrusion detection and security approaches have been presented in the literature. Machine learning (ML) based intrusion and anomaly detection has lately gained traction due to its capacity to cope with encrypted and rapidly developing threat techniques. This work investigates into machine learning (ML) and deep learning (DL) methodologies for IoT device security and examine the benefits, drawbacks, and potential. To protect an IoT infrastructure, various solutions look into hardware-based methods for ML-based IoT authentication, access control, secure offloading, and malware detection sche",False,en,George Kornaros,article,10.0,3.0,4.0,10.0,7.0,6.6,Hardware-Assisted_Machine_Learning_in_Resource-Constrained_I.pdf,Already exists
10.1186/s40854-024-00629-z,Machine learning in business and finance: a literature review and research opportunities,2024,Financial Innovation,,,63,openalex-S5-OA,https://link.springer.com/content/pdf/10.1186/s40854-024-00629-z.pdf,"Abstract This study provides a comprehensive review of machine learning (ML) applications in the fields of business and finance. First, it introduces the most commonly used ML techniques and explores their diverse applications in marketing, stock analysis, demand forecasting, and energy marketing. In particular, this review critically analyzes over 100 articles and reveals a strong inclination toward deep learning techniques, such as deep neural, convolutional neural, and recurrent neural networks, which have garnered immense popularity in financial contexts owing to their remarkable performance. This review shows that ML techniques, particularly deep learning, demonstrate substantial potential for enhancing business decision-making processes and achieving more accurate and efficient predictions of financial outcomes. In particular, ML techniques exhibit promising research prospects in cryptocurrencies, financial crime detection, and marketing, underscoring the extensive opportunities ",False,en,Hanyao Gao; Gang Kou; Haiming Liang,review,2.0,3.0,4.0,10.0,10.0,5.05,Machine_learning_in_business_and_finance__a_literature_revie.pdf,Already exists
10.1057/s41599-025-04850-8,AI integration in financial services: a systematic review of trends and regulatory challenges,2025,Humanities and Social Sciences Communications,,,57,openalex-S5-OA,https://www.nature.com/articles/s41599-025-04850-8.pdf,"The integration of Artificial Intelligence (AI) into financial services represents a developmental shift in the industry, presenting unprecedented opportunities and challenges. This scientometric review examines the evolution of AI in finance from 1989 to 2024, analyzing its pivotal applications in credit scoring, fraud detection, digital insurance, robo-advisory services, and financial inclusion. The analysis reveals significant trends, particularly the growing adoption of machine learning, natural language processing, and blockchain technologies in reshaping financial operations and decision-making processes. The review addresses critical regulatory and ethical challenges, emphasizing the imperative for explainable AI (XAI) and robust governance frameworks to ensure transparency, fairness, and accountability in AI-driven systems. Despite rapid advancements, persistent gaps remain, the most notable of which is the lack of standardized frameworks for AI implementation across financial ",False,en,Darko Vuković; Senanu Dekpo-Adza; Stefana Matović,review,2.0,3.0,4.0,10.0,10.0,5.05,AI_integration_in_financial_services__a_systematic_review_of.pdf,Already exists
10.1007/s10462-024-10776-5,Research trends in deep learning and machine learning for cloud computing security,2024,Artificial Intelligence Review,Q1,,49,openalex-S5-OA,https://link.springer.com/content/pdf/10.1007/s10462-024-10776-5.pdf,"Abstract Deep learning and machine learning show effectiveness in identifying and addressing cloud security threats. Despite the large number of articles published in this field, there remains a dearth of comprehensive reviews that synthesize the techniques, trends, and challenges of using deep learning and machine learning for cloud computing security. Accordingly, this paper aims to provide the most updated statistics on the development and research in cloud computing security utilizing deep learning and machine learning. Up to the middle of December 2023, 4051 publications were identified after we searched the Scopus database. This paper highlights key trend solutions for cloud computing security utilizing machine learning and deep learning, such as anomaly detection, security automation, and emerging technology's role. However, challenges such as data privacy, scalability, and explainability, among others, are also identified as challenges of using machine learning and deep learnin",False,en,Yehia Ibrahim Alzoubi; Alok Mishra; Ahmet E. Topcu,article,10.0,3.0,7.0,10.0,10.0,7.65,Research_trends_in_deep_learning_and_machine_learning_for_cl.pdf,Already exists
10.3390/bdcc8030021,Anomaly Detection of IoT Cyberattacks in Smart Cities Using Federated Learning and Split Learning,2024,Big Data and Cognitive Computing,Q2,,49,openalex-S5-OA,https://www.mdpi.com/2504-2289/8/3/21/pdf?version=1708618712,"The swift proliferation of the Internet of Things (IoT) devices in smart city infrastructures has created an urgent demand for robust cybersecurity measures. These devices are susceptible to various cyberattacks that can jeopardize the security and functionality of urban systems. This research presents an innovative approach to identifying anomalies caused by IoT cyberattacks in smart cities. The proposed method harnesses federated and split learning and addresses the dual challenge of enhancing IoT network security while preserving data privacy. This study conducts extensive experiments using authentic datasets from smart cities. To compare the performance of classical machine learning algorithms and deep learning models for detecting anomalies, model effectiveness is assessed using precision, recall, F-1 score, accuracy, and training/deployment time. The findings demonstrate that federated learning and split learning have the potential to balance data privacy concerns with competitiv",False,en,Ishaani Priyadarshini,article,7.0,7.0,4.0,10.0,10.0,7.3,Anomaly_Detection_of_IoT_Cyberattacks_in_Smart_Cities_Using.pdf,Already exists
10.48084/etasr.6641,Advanced Fraud Detection in Blockchain Transactions: An Ensemble Learning and Explainable AI Approach,2024,Engineering Technology & Applied Science Research,,,44,openalex-S5-OA,https://etasr.com/index.php/ETASR/article/download/6641/3442,"In recent years, cryptocurrencies have experienced rapid growth and adoption, revolutionizing the financial sector. However, the rise of digital currencies has also led to an increase in fraudulent transactions and illegal activities. In this paper, we present a comprehensive study on the detection of fraudulent transactions in the context of cryptocurrency exchanges, with a primary focus on the Ethereum network. By employing various Machine Learning (ML) techniques and ensemble methods, including the hard voting ensemble model, which achieved a remarkable 99% accuracy, we aim to effectively identify suspicious transactions while maintaining high accuracy and precision. Additionally, we delve into the importance of eXplainable Artificial Intelligence (XAI) to enhance transparency, trust, and accountability in AI-based fraud detection systems. Our research contributes to the development of reliable and interpretable models that can significantly improve the cryptocurrency ecosystem secu",False,en,Shimal Sh. Taher; Siddeeq Y. Ameen; Jihan A. Ahmed,article,2.0,7.0,4.0,10.0,7.0,5.6,Advanced_Fraud_Detection_in_Blockchain_Transactions__An_Ense.pdf,Already exists
10.22399/ijsusat.8,"Machine Learning Applications in Cryptocurrency: Detection, Prediction, and Behavioral Analysis of Bitcoin Market and Scam Activities in the USA",2025,International Journal of Sustainable Science and Technology,,,26,openalex-S5-OA,http://ijsusat.com/index.php/pub/article/download/8/3,"The rapid evolution of cryptocurrency markets, coupled with the escalating sophistication of fraudulent activities, has amplified the necessity for advanced machine learning (ML) methodologies to augment the detection, prediction, and behavioral analysis of Bitcoin transactions. Conventional approaches to fraud detection and market analysis frequently falter in capturing cryptocurrency ecosystems' intricate, dynamic, and exceedingly volatile essence. This research elucidates a data-driven framework that employs machine learning to identify scams, forecast Bitcoin market fluctuations, and scrutinize user behavior patterns within the U.S. cryptocurrency domain. By leveraging extensive Bitcoin transaction datasets enriched with features such as transaction volumes, timestamps, wallet activities, and anomaly indicators, the study deploys a diverse array of models: Random Forest, XGBoost, Logistic Regression, Support Vector Machines (SVMs), Graph Neural Networks (GNNs), Isolation Forest, an",False,en,Saru Kumari,article,2.0,3.0,4.0,10.0,10.0,5.05,"Machine_Learning_Applications_in_Cryptocurrency__Detection,.pdf",Already exists
10.3390/app15020499,Defense and Security Mechanisms in the Internet of Things: A Review,2025,Applied Sciences,Q2,,20,openalex-S5-OA,https://www.mdpi.com/2076-3417/15/2/499/pdf?version=1736239159,"The Internet of Things (IoT) transforms traditional technology by introducing smart devices into almost every field, enabling real-time monitoring and automation. Despite the obvious benefits, the rapid deployment of IoT presents numerous security challenges, including vulnerabilities in network attacks and communication protocol weaknesses. While several surveys have addressed these aspects, there remains a lack of understanding of integrating all potential defense mechanisms, such as intrusion detection systems (IDSs), anomaly detection frameworks, and authentication protocols, into a comprehensive security framework. To overcome this, the following survey aims to critically review existing security mechanisms in IoT environments and significantly fill these gaps. In particular, this paper reviews state-of-the-art approaches for intrusion detection, key agreement protocols, and anomaly detection systems, pointing out their advantages and disadvantages and identifying the gaps in each",False,en,Sabina Szymoniak; Jacek Piątkowski; Mirosław Kurkowski,review,7.0,3.0,7.0,10.0,10.0,6.9,Defense_and_Security_Mechanisms_in_the_Internet_of_Things__A.pdf,Already exists
10.3390/electronics14091844,Artificial Intelligence in Maritime Cybersecurity: A Systematic Review of AI-Driven Threat Detection and Risk Mitigation Strategies,2025,Electronics,Q2,,19,openalex-S5-OA,https://www.mdpi.com/2079-9292/14/9/1844/pdf?version=1746020763,"The maritime industry is undergoing a digital transformation, integrating automation, artificial intelligence (AI), and the Internet of Things (IoT) to enhance operational efficiency and safety. However, this technological evolution has also increased cybersecurity vulnerabilities, exposing vessels, ports, and maritime communication networks to sophisticated cyber threats. This systematic review, conducted following the PRISMA guidelines, examines the current landscape of AI-driven cybersecurity solutions in maritime environments. By analyzing peer-reviewed studies and industry reports, this review identifies key AI methodologies, including machine-learning-based intrusion detection systems, anomaly detection mechanisms, predictive threat modeling, and AI-enhanced zero-trust architectures. This study assesses the effectiveness of these techniques in mitigating cyber risks, explores their implementation challenges, and highlights existing research gaps. The findings indicate that AI-pow",False,en,Tymoteusz Miller; Irmina Durlik; Ewelina Kostecka,review,7.0,3.0,4.0,10.0,10.0,6.3,Artificial_Intelligence_in_Maritime_Cybersecurity__A_Systema.pdf,Already exists
10.3390/app15126452,Edge-FLGuard: A Federated Learning Framework for Real-Time Anomaly Detection in 5G-Enabled IoT Ecosystems,2025,Applied Sciences,Q2,,17,openalex-S5-OA,https://www.mdpi.com/2076-3417/15/12/6452/pdf?version=1749381219,"The rapid convergence of 5G networks and Internet of Things (IoT) technologies has unlocked unprecedented connectivity and responsiveness across smart environments—but has also amplified cybersecurity risks due to device heterogeneity, data privacy concerns, and distributed attack surfaces. To address these challenges, we propose Edge-FLGuard, a federated learning and edge AI-based anomaly detection framework tailored for real-time protection in 5G-enabled IoT ecosystems. The framework integrates lightweight deep learning models—specifically autoencoders and LSTM networks—for on-device inference, combined with a privacy-preserving federated training pipeline to enable scalable, decentralized threat detection without raw data sharing. We evaluate Edge-FLGuard using both public (CICIDS2017, TON_IoT) and synthetic datasets under diverse attack scenarios including spoofing, DDoS, and unauthorized access. Experimental results demonstrate high detection accuracy (F1-score ≥ 0.91, AUC-ROC up ",False,en,Manuel J. C. S. Reis,article,7.0,7.0,7.0,10.0,10.0,7.9,Edge-FLGuard__A_Federated_Learning_Framework_for_Real-Time_A.pdf,Already exists
10.3390/electronics14122492,AI-Driven Anomaly Detection for Securing IoT Devices in 5G-Enabled Smart Cities,2025,Electronics,Q2,,16,openalex-S5-OA,https://www.mdpi.com/2079-9292/14/12/2492/pdf?version=1750335270,"This paper proposes a novel AI-driven anomaly detection framework designed to enhance cybersecurity in IoT-enabled smart cities operating over 5G networks. While prior research has explored deep learning for anomaly detection, most existing systems rely on single-model architectures, employ centralized training, or lack support for real-time, privacy-preserving deployment—limiting their scalability and robustness. To address these gaps, our system integrates a hybrid deep learning model combining autoencoders, long short-term memory (LSTM) networks, and convolutional neural networks (CNNs) to detect spatial, temporal, and reconstruction-based anomalies. Additionally, we implement federated learning and edge AI to enable decentralized, privacy-preserving threat detection across distributed IoT nodes. The system is trained and evaluated using a combination of real-world (CICIDS2017, TON_IoT, UNSW-NB15) and synthetically generated attack data, including adversarial perturbations. Experime",False,en,Manuel J. C. S. Reis,article,7.0,3.0,7.0,10.0,10.0,6.9,AI-Driven_Anomaly_Detection_for_Securing_IoT_Devices_in_5G-E.pdf,Already exists
10.1007/s10462-025-11219-5,Generative AI revolution in cybersecurity: a comprehensive review of threat intelligence and operations,2025,Artificial Intelligence Review,Q1,,14,openalex-S5-OA,https://link.springer.com/content/pdf/10.1007/s10462-025-11219-5.pdf,"Abstract Cyber threats are increasingly frequent in today’s world, posing challenges for organizations and individuals to protect their data from cybercriminals. On the other hand, Generative Artificial Intelligence (GAI) technology offers an efficient way to automatically address these issues with the help of AI models and algorithms. It can work on more critical security aspects where human intervention is required and handle everyday threat situations autonomously. This research paper explores GAI in enhancing cybersecurity by leveraging AI Models and algorithms. GAI can autonomously address common security issues, detect novel threats, and augment human intervention in critical security aspects. Moreover, this research study also highlights autonomous security enhancements, improved security posture against emerging threats, anomaly detection, and threat response. Besides this, we have discussed the GAI limitations, such as occasional incorrect results, expensive training, and the ",False,en,Mueen Uddin; Muhammad Irshad; Irfan Ali Kandhro,review,10.0,3.0,4.0,10.0,10.0,7.05,Generative_AI_revolution_in_cybersecurity__a_comprehensive_r.pdf,Already exists
10.54660/.ijmrge.2024.5.3.1100-1108,Quantum Machine Learning Algorithms for Real-Time Epidemic Surveillance and Health Policy Simulation: A Review of Emerging Frameworks and Implementation Challenges,2024,International Journal of Multidisciplinary Research and Growth Evaluation,,,12,openalex-S5-OA,https://www.allmultidisciplinaryjournal.com/uploads/archives/20250802165415_MGE-2025-4-184.1.pdf,"This review explores the integration of quantum machine learning (QML) algorithms into real-time epidemic surveillance systems and health policy simulation frameworks. As conventional machine learning models face scalability and interpretability challenges with high-dimensional epidemiological data, QML offers a transformative paradigm by leveraging quantum computing principles to enhance pattern recognition, data compression, and forecasting precision. The study examines emerging QML architectures and their application to real-time tracking of infectious diseases, anomaly detection in public health datasets, and dynamic modeling of transmission patterns. Additionally, it assesses the role of QML in simulating the impact of health interventions, policy shifts, and behavioral dynamics on epidemic trajectories. Emphasis is placed on multi-modal data integration from genomics, environmental monitoring, and mobility trends to refine predictive accuracy. Key implementation challenges—such a",False,en,Olasehinde Omolayo; Ajao Ebenezer Taiwo; Tope David Aduloju,article,2.0,7.0,7.0,10.0,4.0,5.75,Quantum_Machine_Learning_Algorithms_for_Real-Time_Epidemic_S.pdf,Already exists
10.3390/math13121911,AI-Assisted Real-Time Monitoring of Infectious Diseases in Urban Areas,2025,Mathematics,Q2,,11,openalex-S5-OA,https://www.mdpi.com/2227-7390/13/12/1911/pdf?version=1749291012,"The rapid expansion of infectious diseases in urban environments presents a significant public health challenge, as traditional surveillance methods rely on delayed case reporting, limiting proactive response capabilities. With the increasing availability of real-time health data, artificial intelligence (AI) has emerged as a powerful tool for disease monitoring, anomaly detection, and outbreak prediction. This study proposes SmartHealth-Track, an AI-powered real-time infectious disease monitoring framework that integrates machine learning models with IoT-enabled surveillance, smart pharmacy analytics, wearable health tracking, and wastewater surveillance to enhance early outbreak detection and predictive forecasting. The system leverages time series forecasting with long short-term memory (LSTM) networks, logistic regression for outbreak probability estimation, anomaly detection with isolation forests, and natural language processing (NLP) for extracting epidemiological insights from ",False,en,Mohammed M. Alwakeel,article,7.0,3.0,7.0,10.0,10.0,6.9,AI-Assisted_Real-Time_Monitoring_of_Infectious_Diseases_in_U.pdf,Already exists
10.54660/.ijmrge.2024.5.4.1421-1433,Designing Unified Compliance Intelligence Models for Scalable Risk Detection and Prevention in SME Financial Platforms,2025,International Journal of Multidisciplinary Research and Growth Evaluation,,,11,openalex-S5-OA,https://www.allmultidisciplinaryjournal.com/uploads/archives/20250712151418_MGE-2025-4-065.1.pdf,"Small and medium-sized enterprises (SMEs) face increasing regulatory scrutiny, operational vulnerabilities, and financial risks as digital financial platforms become more integrated and complex. This review explores the development of unified compliance intelligence models that leverage data-driven, real-time analytics to detect and prevent regulatory breaches, fraud, and operational inconsistencies across SME financial ecosystems. It emphasizes the convergence of machine learning, natural language processing, and rule-based engines to build adaptive frameworks capable of monitoring regulatory compliance, automating reporting, and flagging high-risk transactions. The paper analyzes the architectural foundations of such models, including the use of scalable microservices, API-led integrations, and federated data architectures to ensure interoperability and auditability. Key challenges addressed include fragmented compliance taxonomies, lack of centralized rule orchestration, and the nee",False,en,Babawale Patrick Okare; Olasehinde Omolayo; Tope David Aduloju,article,2.0,3.0,7.0,10.0,10.0,5.65,Designing_Unified_Compliance_Intelligence_Models_for_Scalabl.pdf,Already exists
10.55056/jec.885,"A comprehensive systematic review of intrusion detection systems: emerging techniques, challenges, and future research directions",2025,Journal of Edge Computing,,,10,openalex-S5-OA,https://acnsci.org/journal/index.php/jec/article/download/885/880,"The role of Intrusion Detection Systems (IDS) in the protection against the increasing variety of cybersecurity threats in complex environments, including the Internet of Things (IoT), cloud computing, and industrial networks. This study evaluates the existing state-of-the-art IDS methodologies using Deep Learning (DL) approaches, and advanced feature engineering techniques. This research also highlights the success of models such as Genetic Algorithms (GA), Particle Swarm Optimization (PSO), and Explainable AI (XAI) in improving detection accuracy as well as computational efficiency and interoperability. Blockchain and quantum computing technologies are explored to improve data privacy, resilience, and scalability in decentralized and resource-constrained environments. This work primarily identifies key challenges, including real-time anomaly detection, adversarial robustness, and imbalance datasets, to assist researchers in investigating further research opportunities. Focusing on fu",False,en,Arjun Kumar Bose Arnob; Rajarshi Roy Chowdhury; Nusrat Alam Chaiti,article,2.0,3.0,10.0,10.0,7.0,5.8,A_comprehensive_systematic_review_of_intrusion_detection_sys.pdf,Already exists
10.3390/jrfm18060323,AI and Financial Fraud Prevention: Mapping the Trends and Challenges Through a Bibliometric Lens,2025,Journal of risk and financial management,Q3,,10,openalex-S5-OA,https://www.mdpi.com/1911-8074/18/6/323/pdf?version=1749710284,"This study systematically reviews academic research on artificial intelligence (AI) in financial fraud prevention. Employing a bibliometric approach, we analyzed 137 peer-reviewed articles published between 2015 and 2025, sourced from Scopus, Web of Science, and ScienceDirect. Using Bibliometrix, we mapped the field’s intellectual structure, collaboration patterns, and thematic clusters. Research interest has surged since 2019, led mainly by China and India, though the literature is mostly technical, with limited social science engagement. Three main themes emerged: AI-based fraud detection models, blockchain and fintech integration, and big data analytics. Despite growing output, international collaboration and focus on ethical, regulatory, and organizational issues remain limited. These insights provide a foundation for advancing both research and practical AI-driven fraud mitigation.",False,en,Luiz Moura; André Barcauí; Renan Carriço Payer,article,5.0,3.0,4.0,10.0,7.0,5.35,AI_and_Financial_Fraud_Prevention__Mapping_the_Trends_and_Ch.pdf,Already exists
10.1109/access.2025.3610994,"A Review of Large Language Models for Energy Systems: Applications, Challenges, and Future Prospects",2025,IEEE Access,Q1,,9,openalex-S5-OA,https://doi.org/10.1109/access.2025.3610994,"Rapid developments in large language models (LLMs) have created new opportunities for their use in the energy sector, from forecasting renewable energy to power system operation and energy market analysis. These models help improve decision-making, anomaly detection, and optimization procedures in intricate energy systems by using vast amounts of structured and unstructured data. This study provides a comprehensive review of the LLM origins, evaluation, and fine-tuning techniques as well as their integration into energy systems, including their application in fault detection and diagnosis, energy forecasting, document automation, energy management, defect detection, and power system operation. Their performance in terms of explainability, generalization ability, and scalability for energy-related applications is critically examined in this paper. The report also emphasizes significant challenges to the adoption of LLMs, such as the need for computing power, the lack of data, and ethica",False,en,Hamid Mirshekali; Mohammad Reza Shadi; Fatemehsadat Ghanadi Ladani,review,10.0,3.0,7.0,10.0,7.0,7.2,A_Review_of_Large_Language_Models_for_Energy_Systems__Applic.pdf,Already exists
10.51594/farj.v7i1.1808,"Exploring the role of Machine Learning and Deep Learning in Anti-Money Laundering (AML) strategies within U.S. Financial Industry: A systematic review of implementation, effectiveness, and challenges",2025,Finance & Accounting Research Journal,Q3,,8,openalex-S5-OA,https://fepbl.com/index.php/farj/article/download/1808/2073,"As the U.S. financial sector confronts evolving threats from financial crimes, the integration of Machine Learning (ML) and Deep Learning (DL) into Anti-Money Laundering (AML) strategies has become imperative. This paper explores the role of ML and DL technologies in enhancing AML frameworks to identify, mitigate, and prevent money laundering activities. The paper begins by analyzing prevalent money laundering schemes and the methods used by criminals to bypass traditional AML controls. The study underscores the importance of educating and training financial institution personnel to ensure the effective implementation of AML strategies powered by ML and DL. The findings revealed that a culture of awareness and accountability is vital for managing risks associated with financial crimes. Furthermore, the paper highlights the value of collaboration and information-sharing between financial institutions, regulatory bodies, and technology providers. Industry partnerships, public-private ini",False,en,Elizabeth Kuukua Amoako; Victor Boateng; Ola Ajay,review,5.0,3.0,4.0,10.0,7.0,5.35,Exploring_the_role_of_Machine_Learning_and_Deep_Learning_in.pdf,Already exists
10.1140/epjqt/s40507-025-00414-6,A systematic review of anomaly detection in IoT security: towards quantum machine learning approach,2025,EPJ Quantum Technology,,,7,openalex-S5-OA,https://epjquantumtechnology.springeropen.com/counter/pdf/10.1140/epjqt/s40507-025-00414-6,"Integrating IoT into daily life generates massive data, enabling smart factories and driving advancements in related technologies like cloud/edge computing, ML, and AI. While ML has been used for data analysis and forecasting, challenges such as data complexity, security, and computing limitations persist, particularly in anomaly detection crucial for network security. Recent research indicates the potential of quantum computing and Quantum Machine Learning (QML) to outperform traditional methods in anomaly detection within IoT, an area lacking a comprehensive review. This paper presents a systematic review of Machine Learning-based anomaly detection techniques for IoT security. Despite previous reviews, this study includes the analysis of feature engineering and quantum machine learning techniques in literature. Our findings show that current models have high detection rates on known datasets, but face scalability, real-time processing, and generalization issues. Privacy and security ",False,en,Andres J. Aparcana-Tasayco; Xianjun Deng; Jong Hyuk Park,review,2.0,3.0,10.0,10.0,7.0,5.8,A_systematic_review_of_anomaly_detection_in_IoT_security__to.pdf,Already exists
10.1007/s41870-025-02529-6,Real-time suspicious detection framework for financial data streams,2025,International Journal of Information Technology,Q1,,5,openalex-S5-OA,https://link.springer.com/content/pdf/10.1007/s41870-025-02529-6.pdf,"Abstract Money laundering hides illegal money’s origin by making it seem legal. Detecting suspicious activity quickly in financial data is key to stopping fraud and money laundering. Real-time detection is popular approach for its speed and efficiently detecting illegal activities in financial institutes system. However, handling massive and distributed data streams have challenges in achieving real-time efficiency and effectiveness. Therefore proposing and developing data stream framework is needed to handle these challenges efficiently. The main goal of this study is to propose real-time suspicious detection framework for financial institutions to effectively combat money laundering. The proposed model comprises two approaches: a distributed computing architecture based on Docker container to enhance flexibility, migration capabilities, and customization, and a suspicious detection module employing the autoencoder method. To determine whether there is any suspicious activity in the s",False,en,Elshan Gadimov; Ermiyas Birihanu,article,10.0,3.0,4.0,10.0,4.0,6.15,Real-time_suspicious_detection_framework_for_financial_data.pdf,Already exists
10.3390/foods11172716,Blockchain-Enabled Supply Chain platform for Indian Dairy Industry: Safety and Traceability,2022,Foods,,,103,openalex-S6-OA,https://www.mdpi.com/2304-8158/11/17/2716/pdf?version=1662449467,"Conventional food supply chains are centralized in nature and possess challenges pertaining to a single point of failure, product irregularities, quality compromises, and loss of data. Numerous cases of food fraud, contamination, and adulteration are daily reported from multiple parts of India, suggesting the absolute need for an upgraded decentralized supply chain model. A country such as India, where its biggest strength is its demographic dividend, cannot afford to malnutrition a large population of its children by allowing them to consume contaminated and adulterated dairy products. In view of the gravity of the situation, we propose a blockchain-enabled supply chain platform for the dairy industry. With respect to the supply chain platform, the dairy products of choice include milk, cheese, and butter. Blockchain is one of the fastest growing technologies having widespread acceptance across multiple industry verticals. Blockchain possesses the power to transform traditional supply",False,en,Abhirup Khanna; Sapna Jain; Alessandro Burgio,article,2.0,3.0,4.0,10.0,10.0,5.05,Blockchain-Enabled_Supply_Chain_platform_for_Indian_Dairy_In.pdf,Already exists
10.1016/j.is.2023.102284,AI-based decision support system for public procurement,2023,Information Systems,Q1,,36,openalex-S6-OA,https://doi.org/10.1016/j.is.2023.102284,"Tenders are powerful means of investment of public funds and represent a strategic development resource. Thus, improving the efficiency of procuring entities and developing evaluation models turn out to be essential to facilitate e-procurement procedures. With this contribution, we introduce our research to create a supporting system for the decision-making and monitoring process during the entire course of investments and contracts. This system employs artificial intelligence techniques based on natural language processing, focused on providing instruments for extracting useful information from both structured and unstructured (i.e., text) data. Therefore, we developed a framework based on a web app that provides integrated tools such as a semantic search engine, a summarizer, an open information extraction engine in the form of triples (subject–predicate–object) for tender documents, and dashboards for analysing tender data.",False,en,Lucia Siciliani; Vincenzo Taccardi; Pierpaolo Basile,article,10.0,3.0,1.0,10.0,7.0,6.0,,"No open-access version found (tried OpenAlex, Unpaywall, MDPI, CrossRef, arXiv, IEEE, SemanticScholar, CORE, DirectURL)"
10.51594/farj.v6i6.1232,Enhancing fraud detection in accounting through AI: Techniques and case studies,2024,Finance & Accounting Research Journal,Q3,,26,openalex-S6-OA,https://fepbl.com/index.php/farj/article/download/1232/1458,"The integration of artificial intelligence (AI) into accounting has significantly transformed the landscape of fraud detection. Traditional methods, while effective to some extent, often struggle with the increasing complexity and volume of financial data. AI, with its advanced analytical capabilities, offers a promising solution to these challenges. This review provides an overview of the techniques used in AI-driven fraud detection in accounting and highlights case studies that demonstrate the practical applications and benefits of these technologies. AI techniques for fraud detection in accounting primarily involve machine learning (ML), natural language processing (NLP), and data mining. Machine learning algorithms, such as supervised and unsupervised learning models, are employed to identify patterns and anomalies in financial data that could indicate fraudulent activity. Supervised learning involves training a model on a labelled dataset containing examples of both fraudulent and",False,en,Beatrice Oyinkansola Adelakun; Ebere Ruth Onwubuariri; Gbenga Adeniyi Adeniran,article,5.0,3.0,4.0,10.0,7.0,5.35,,"No open-access version found (tried OpenAlex, Unpaywall, MDPI, CrossRef, arXiv, IEEE, SemanticScholar, CORE, DirectURL)"
10.3390/info14090499,FinChain-BERT: A High-Accuracy Automatic Fraud Detection Model Based on NLP Methods for Financial Scenarios,2023,Information,,,25,openalex-S6-OA,https://www.mdpi.com/2078-2489/14/9/499/pdf?version=1694593496,"This research primarily explores the application of Natural Language Processing (NLP) technology in precision financial fraud detection, with a particular focus on the implementation and optimization of the FinChain-BERT model. Firstly, the FinChain-BERT model has been successfully employed for financial fraud detection tasks, improving the capability of handling complex financial text information through deep learning techniques. Secondly, novel attempts have been made in the selection of loss functions, with a comparison conducted between negative log-likelihood function and Keywords Loss Function. The results indicated that the Keywords Loss Function outperforms the negative log-likelihood function when applied to the FinChain-BERT model. Experimental results validated the efficacy of the FinChain-BERT model and its optimization measures. Whether in the selection of loss functions or the application of lightweight technology, the FinChain-BERT model demonstrated superior performance",False,en,Xinze Yang; Chunkai Zhang; Yizhi Sun,article,2.0,7.0,4.0,10.0,7.0,5.6,FinChain-BERT__A_High-Accuracy_Automatic_Fraud_Detection_Mod.pdf,Already exists
