Kode_Desa,years_flagged,n_years,persistence_score,priority_tier,Nama_Desa
1504022015,3,3,1.0,Tier 1 – High Priority,Pematang Lima Suku
1504032006,3,3,1.0,Tier 1 – High Priority,Pasar Terusan
1504022007,3,3,1.0,Tier 1 – High Priority,Rantau Kapas Tuo
1504032011,3,3,1.0,Tier 1 – High Priority,Olak
1504032012,3,3,1.0,Tier 1 – High Priority,Muaro Singoan
1504032014,3,3,1.0,Tier 1 – High Priority,Rantau Puri
1504022013,3,3,1.0,Tier 1 – High Priority,Pelayangan
1504032017,3,3,1.0,Tier 1 – High Priority,Singkawang
1504032018,3,3,1.0,Tier 1 – High Priority,Tenam
1504032020,3,3,1.0,Tier 1 – High Priority,Kilangan
1504042001,3,3,1.0,Tier 1 – High Priority,Jelutih
1504012005,3,3,1.0,Tier 1 – High Priority,Kembang Tanjung
1504012007,3,3,1.0,Tier 1 – High Priority,Benteng Rendah
1509102003,3,3,1.0,Tier 1 – High Priority,Bukit Pamuatan
1509102004,3,3,1.0,Tier 1 – High Priority,Napal Putih
1501092010,3,3,1.0,Tier 1 – High Priority,Koto Tuo
1501072014,2,2,1.0,Tier 1 – High Priority,Muara Hemat
1509112002,3,3,1.0,Tier 1 – High Priority,Balai Rajo
1501052036,3,3,1.0,Tier 1 – High Priority,Sawahan Koto Majidin
1504012009,3,3,1.0,Tier 1 – High Priority,Rantau Gedang
1504012010,3,3,1.0,Tier 1 – High Priority,Pematang Gadung
1504042015,3,3,1.0,Tier 1 – High Priority,Bulian Baru
1504042017,3,3,1.0,Tier 1 – High Priority,Simpang Aur Gading
1504052003,3,3,1.0,Tier 1 – High Priority,Serasah
1504052004,3,3,1.0,Tier 1 – High Priority,Lubuk Ruso
1504042005,3,3,1.0,Tier 1 – High Priority,Paku Aji
1504062001,3,3,1.0,Tier 1 – High Priority,Batu Sawar
1504052008,3,3,1.0,Tier 1 – High Priority,Ture
1504052009,3,3,1.0,Tier 1 – High Priority,Pulau Betung
1504052012,3,3,1.0,Tier 1 – High Priority,Teluk
1504052017,3,3,1.0,Tier 1 – High Priority,Olak Rambahan
1503082010,2,2,1.0,Tier 1 – High Priority,Pulaubuayo
1503072005,3,3,1.0,Tier 1 – High Priority,Lubuk Kepayang
1503082015,3,3,1.0,Tier 1 – High Priority,Teluk Mancur
1503092003,3,3,1.0,Tier 1 – High Priority,Sungaigedang
1503082007,3,3,1.0,Tier 1 – High Priority,Pulaumelako
1503082008,3,3,1.0,Tier 1 – High Priority,Batu Penyabung
1503052007,3,3,1.0,Tier 1 – High Priority,Muara Danau
1504062007,3,3,1.0,Tier 1 – High Priority,Buluh Kasab
1503062013,3,3,1.0,Tier 1 – High Priority,Bukitperanginan
1509042002,3,3,1.0,Tier 1 – High Priority,Perintis
1509042006,3,3,1.0,Tier 1 – High Priority,Tirta Kencana
1509042007,3,3,1.0,Tier 1 – High Priority,Sapta Mulia
1509062001,3,3,1.0,Tier 1 – High Priority,Tanjung Pucuk Jambi
1509072002,3,3,1.0,Tier 1 – High Priority,Wanareja
1509052009,3,3,1.0,Tier 1 – High Priority,Suo-Suo
1509052010,3,3,1.0,Tier 1 – High Priority,Muara Sekalo
1509052011,3,3,1.0,Tier 1 – High Priority,Semambu
1509092002,3,3,1.0,Tier 1 – High Priority,Penapalan
1509072006,3,3,1.0,Tier 1 – High Priority,Suka Maju
1504062017,3,3,1.0,Tier 1 – High Priority,Kembang Seri Baru
1504072001,3,3,1.0,Tier 1 – High Priority,Bungku
1504062003,3,3,1.0,Tier 1 – High Priority,Teluk Leban
1504062006,3,3,1.0,Tier 1 – High Priority,Kembang Seri
1504072009,3,3,1.0,Tier 1 – High Priority,Sungkai
1504062011,3,3,1.0,Tier 1 – High Priority,Sungai Lingkar
1504062013,3,3,1.0,Tier 1 – High Priority,Sungai Ruan Ilir
1504062015,3,3,1.0,Tier 1 – High Priority,Rawa Mekar
1504072002,3,3,1.0,Tier 1 – High Priority,Pompa Air
1504072003,3,3,1.0,Tier 1 – High Priority,Ladang Peris
1504072005,3,3,1.0,Tier 1 – High Priority,Penerokan
1504072006,3,3,1.0,Tier 1 – High Priority,Petajen
1503022022,3,3,1.0,Tier 1 – High Priority,Muara Limun
1504082001,3,3,1.0,Tier 1 – High Priority,Bulian Jaya
1504082002,3,3,1.0,Tier 1 – High Priority,Tidar Kuranji
1509012012,3,3,1.0,Tier 1 – High Priority,Sungai Alai
1509022002,3,3,1.0,Tier 1 – High Priority,Sungai Aro
1501152005,3,3,1.0,Tier 1 – High Priority,Jernih Jaya
1509012007,3,3,1.0,Tier 1 – High Priority,Semabu
1509032012,3,3,1.0,Tier 1 – High Priority,Malako Intan
1509032016,3,3,1.0,Tier 1 – High Priority,Pulau Jelmu
1509032002,3,3,1.0,Tier 1 – High Priority,Sungai Rambai
1501112021,3,3,1.0,Tier 1 – High Priority,Simpang Empat Sungai Tutung
1501112024,3,3,1.0,Tier 1 – High Priority,Baru Sungaimedang
1501092045,3,3,1.0,Tier 1 – High Priority,Mekar Jaya
1505022006,3,3,1.0,Tier 1 – High Priority,Kedotan
1505012015,3,3,1.0,Tier 1 – High Priority,Kedemangan
1503042008,3,3,1.0,Tier 1 – High Priority,Pangkal Bulian
1505022016,3,3,1.0,Tier 1 – High Priority,Tunas Mudo
1505022015,3,3,1.0,Tier 1 – High Priority,Suko Awin Jaya
1505052015,3,3,1.0,Tier 1 – High Priority,Suka Damai
1505042020,3,3,1.0,Tier 1 – High Priority,Lubuk Raman
1505062017,3,3,1.0,Tier 1 – High Priority,Sumber Jaya
1503022007,3,3,1.0,Tier 1 – High Priority,Ranggo
1503012016,3,3,1.0,Tier 1 – High Priority,Muara Cuban
1505082007,3,3,1.0,Tier 1 – High Priority,Sungai Gelam
1505082008,3,3,1.0,Tier 1 – High Priority,Parit
1502212001,3,3,1.0,Tier 1 – High Priority,Tanjung Rejo
1502212003,3,3,1.0,Tier 1 – High Priority,Suko Rejo
1502192003,3,3,1.0,Tier 1 – High Priority,Rasau
1506012017,3,3,1.0,Tier 1 – High Priority,Brasau
1505102003,3,3,1.0,Tier 1 – High Priority,Mekar Jaya
1506042016,3,3,1.0,Tier 1 – High Priority,Sungaiterap
1506042014,3,3,1.0,Tier 1 – High Priority,Telukkulbi
1502172004,3,3,1.0,Tier 1 – High Priority,Tiga Alur
1502172006,3,3,1.0,Tier 1 – High Priority,Sungai Jering
1506062008,3,3,1.0,Tier 1 – High Priority,Sungaikeruh
1506082002,3,3,1.0,Tier 1 – High Priority,Pulaupauh
1508142005,3,3,1.0,Tier 1 – High Priority,Timbolasi
1508152002,3,3,1.0,Tier 1 – High Priority,Peninjau
1508152004,3,3,1.0,Tier 1 – High Priority,Pulau Kerakap
1509012004,3,3,1.0,Tier 1 – High Priority,Mangun Jayo
1509012005,3,3,1.0,Tier 1 – High Priority,Teluk Pandak
1508172001,3,3,1.0,Tier 1 – High Priority,Sungai Mancur
1508172002,3,3,1.0,Tier 1 – High Priority,Tanah Periuk
1508172004,3,3,1.0,Tier 1 – High Priority,Rantau Embacang
1508172008,3,3,1.0,Tier 1 – High Priority,Paku Aji
1508172009,3,3,1.0,Tier 1 – High Priority,Pematang Panjang
1506122002,3,3,1.0,Tier 1 – High Priority,Sungaidualap
1506132005,3,3,1.0,Tier 1 – High Priority,Margo Rukun
1507032015,3,3,1.0,Tier 1 – High Priority,Sungai Tawar
1507092002,3,3,1.0,Tier 1 – High Priority,Pematang Rahim
1507112003,3,3,1.0,Tier 1 – High Priority,Rantau Makmur
1507092006,3,3,1.0,Tier 1 – High Priority,Sungai Beras
1502112004,3,3,1.0,Tier 1 – High Priority,Nalo Gedang
1508012001,2,2,1.0,Tier 1 – High Priority,Pedukun
1508012002,3,3,1.0,Tier 1 – High Priority,Lubuk Niur
1508012003,3,3,1.0,Tier 1 – High Priority,Teluk Kecimbung
1502062007,3,3,1.0,Tier 1 – High Priority,Rejo Sari
1508012009,3,3,1.0,Tier 1 – High Priority,Perenti Luweh
1508012015,3,3,1.0,Tier 1 – High Priority,Renah Jelmu
1508012016,3,3,1.0,Tier 1 – High Priority,Koto Jayo
1502022008,3,3,1.0,Tier 1 – High Priority,Mudo
1502072014,3,3,1.0,Tier 1 – High Priority,Muaro Seketuk
1502082003,3,3,1.0,Tier 1 – High Priority,Muara Delang
1502032018,3,3,1.0,Tier 1 – High Priority,Rantau Panjang
1502012010,3,3,1.0,Tier 1 – High Priority,Koto Renah
1508052007,3,3,1.0,Tier 1 – High Priority,Sungai Gambir
1508042003,3,3,1.0,Tier 1 – High Priority,Pulau Jelmu
1508042004,3,3,1.0,Tier 1 – High Priority,Sirih Sekapur
1508052017,3,3,1.0,Tier 1 – High Priority,Pasar Rantau Embacang
1508052019,3,3,1.0,Tier 1 – High Priority,Tenam
1508062002,3,3,1.0,Tier 1 – High Priority,Dwi Karya Bakti
1508062009,3,3,1.0,Tier 1 – High Priority,Batu Kerbau
1501212001,3,3,1.0,Tier 1 – High Priority,Koto Mebai
1508092006,3,3,1.0,Tier 1 – High Priority,Lembah Kuamang
1508092010,3,3,1.0,Tier 1 – High Priority,Maju Jaya
1508092016,3,3,1.0,Tier 1 – High Priority,Karya Harapan Mukti
1508102002,3,3,1.0,Tier 1 – High Priority,Babeko
1508102004,3,3,1.0,Tier 1 – High Priority,Simpang Bebeko
1508132003,3,3,1.0,Tier 1 – High Priority,Sungai Mengkuang
1508112002,3,3,1.0,Tier 1 – High Priority,Lubuk Benteng
1508112005,3,3,1.0,Tier 1 – High Priority,Air Gemuruh
1508112006,3,3,1.0,Tier 1 – High Priority,Purwo Bakti
1501172011,3,3,1.0,Tier 1 – High Priority,Simpang Belui
1508122004,3,3,1.0,Tier 1 – High Priority,Sungai Arang
1508072002,3,3,1.0,Tier 1 – High Priority,Tuo Lbk. Mengkuang
1501212006,3,3,1.0,Tier 1 – High Priority,Koto Mudik
1508072006,3,3,1.0,Tier 1 – High Priority,Muaro Tebo Pandak
1508072007,3,3,1.0,Tier 1 – High Priority,Rantau Tipu
1508062015,3,3,1.0,Tier 1 – High Priority,Sekampil
1508082007,3,3,1.0,Tier 1 – High Priority,Datar
1508082009,3,3,1.0,Tier 1 – High Priority,Pekan Jum'at
1508092002,3,3,1.0,Tier 1 – High Priority,Danau
1508082005,3,3,1.0,Tier 1 – High Priority,Bedaro
1501182011,3,3,1.0,Tier 1 – High Priority,Mukai Seberang
1501182003,3,3,1.0,Tier 1 – High Priority,Mukai Mudik
1501182004,3,3,1.0,Tier 1 – High Priority,Senimpik
1501042031,3,3,1.0,Tier 1 – High Priority,Hiang Sakti
1501042029,3,3,1.0,Tier 1 – High Priority,Hiang Lestari
1572042003,3,3,1.0,Tier 1 – High Priority,Koto Pudung
1572052006,3,3,1.0,Tier 1 – High Priority,Pinggir Air
1504022008,3,3,1.0,Tier 1 – High Priority,Sungai Pulai
1572062004,3,3,1.0,Tier 1 – High Priority,Permanti
1572062005,3,3,1.0,Tier 1 – High Priority,Lawang Agung
1572072001,3,3,1.0,Tier 1 – High Priority,Koto Baru
1572022001,3,3,1.0,Tier 1 – High Priority,Koto Renah
1572022004,3,3,1.0,Tier 1 – High Priority,Koto Lolo
1509122005,3,3,1.0,Tier 1 – High Priority,Tambun Arang
1572022010,3,3,1.0,Tier 1 – High Priority,Sungai Liuk
1572032003,3,3,1.0,Tier 1 – High Priority,Maliki Air
1572012004,3,3,1.0,Tier 1 – High Priority,Pasar Baru
1572032007,3,3,1.0,Tier 1 – High Priority,Simpang Tiga Rawang
1572032010,3,3,1.0,Tier 1 – High Priority,Paling Serumpun
1572082004,3,3,1.0,Tier 1 – High Priority,Pelayang Raya
-1,3,3,1.0,Tier 1 – High Priority,
1501012003,3,3,1.0,Tier 1 – High Priority,Lempur Mudik
1501022002,2,3,0.6667,Tier 1 – High Priority,Kota Baru Sanggaran Agung
1501012001,2,3,0.6667,Tier 1 – High Priority,Selam Paung
1572082003,2,3,0.6667,Tier 1 – High Priority,Talang Lindung
1572082001,2,3,0.6667,Tier 1 – High Priority,Sumur Anyir
1572072005,2,3,0.6667,Tier 1 – High Priority,Permai Indah
1572072004,2,3,0.6667,Tier 1 – High Priority,Dujung Sakti
1572072003,2,3,0.6667,Tier 1 – High Priority,Kampung Tengah
1501012013,2,3,0.6667,Tier 1 – High Priority,Dusun Baru Lempur
1572072002,2,3,0.6667,Tier 1 – High Priority,Koto Limau Manis
1572032005,2,3,0.6667,Tier 1 – High Priority,Koto Teluk
1572032009,2,3,0.6667,Tier 1 – High Priority,Dusun Diilir
1572032012,2,3,0.6667,Tier 1 – High Priority,Tanjung Muda
1572022008,2,3,0.6667,Tier 1 – High Priority,Koto Duo
1572022015,2,3,0.6667,Tier 1 – High Priority,Sumur Gedang
1572032001,2,3,0.6667,Tier 1 – High Priority,Kampung Diilir
1572032002,2,3,0.6667,Tier 1 – High Priority,Koto Beringin
1572012006,2,3,0.6667,Tier 1 – High Priority,Gedang
1501062040,2,3,0.6667,Tier 1 – High Priority,Baru Sungai Betung Mudik
1501052038,2,3,0.6667,Tier 1 – High Priority,Koto Majidin Di Air
1501052039,2,3,0.6667,Tier 1 – High Priority,Pendung Tengah
1501062012,2,3,0.6667,Tier 1 – High Priority,Tanjunggenting
1501062013,2,3,0.6667,Tier 1 – High Priority,Simpang Tutup
1501052029,2,3,0.6667,Tier 1 – High Priority,Koto Majidin Mudik
1501092012,2,3,0.6667,Tier 1 – High Priority,Kersik Tuo
1501092016,2,3,0.6667,Tier 1 – High Priority,Koto Tengah
1504012012,2,3,0.6667,Tier 1 – High Priority,Bukit Harapan
1501072006,2,3,0.6667,Tier 1 – High Priority,Lubuk Paku
1501072007,2,3,0.6667,Tier 1 – High Priority,Tamiai
1501072008,2,3,0.6667,Tier 1 – High Priority,Pematang Lingkung
1501072009,2,3,0.6667,Tier 1 – High Priority,Pasar Tamiai
1501062017,2,3,0.6667,Tier 1 – High Priority,Sungaigelampeh
1501062019,2,3,0.6667,Tier 1 – High Priority,Siulak Tenang
1501062039,2,3,0.6667,Tier 1 – High Priority,Sungai Batu Gantih Hilir
1504042016,2,3,0.6667,Tier 1 – High Priority,Simpang Jelutih
1504052001,2,3,0.6667,Tier 1 – High Priority,Tebing Tinggi
1504042004,2,3,0.6667,Tier 1 – High Priority,Aur Gading
1504042006,2,3,0.6667,Tier 1 – High Priority,Hajran
1504042008,2,3,0.6667,Tier 1 – High Priority,Jangga
1504042009,2,3,0.6667,Tier 1 – High Priority,Koto Boyo
1504042010,2,3,0.6667,Tier 1 – High Priority,Simpang Karmeo
1504012011,2,3,0.6667,Tier 1 – High Priority,Teluk Melintang
1503072002,2,3,0.6667,Tier 1 – High Priority,Jernih
1503072003,2,3,0.6667,Tier 1 – High Priority,Desa Baru
1504052013,2,3,0.6667,Tier 1 – High Priority,Pulau Raman
1504052019,2,3,0.6667,Tier 1 – High Priority,Teluk Ketapang
1504052020,2,3,0.6667,Tier 1 – High Priority,Kampung Pulau
1504052005,2,3,0.6667,Tier 1 – High Priority,Kuap
1504052007,2,3,0.6667,Tier 1 – High Priority,Kubu Kandang
1504052010,2,3,0.6667,Tier 1 – High Priority,Lopak Aur
1508142004,2,3,0.6667,Tier 1 – High Priority,Karak Apung
1508112007,2,3,0.6667,Tier 1 – High Priority,Sarana Jaya
1508112008,2,3,0.6667,Tier 1 – High Priority,Teluk Panjang
1508122003,2,3,0.6667,Tier 1 – High Priority,Talang Pantai
1508092014,2,3,0.6667,Tier 1 – High Priority,Kuning gading
1508092015,2,3,0.6667,Tier 1 – High Priority,Kuamang Jaya
1508102001,2,3,0.6667,Tier 1 – High Priority,Tanjung Menanti
1508092008,2,3,0.6667,Tier 1 – High Priority,Daya Murni
1501172019,2,3,0.6667,Tier 1 – High Priority,Koto Simpai Kubang
1501162025,2,3,0.6667,Tier 1 – High Priority,Koto Tengah
1501162033,2,3,0.6667,Tier 1 – High Priority,Baru Sungaipegeh
1501162035,2,3,0.6667,Tier 1 – High Priority,Plak Naneh
1501162036,2,3,0.6667,Tier 1 – High Priority,Padang Jantung
1508122005,2,3,0.6667,Tier 1 – High Priority,Pulau Pekan
1508132004,2,3,0.6667,Tier 1 – High Priority,Sungai Buluh
1508142002,2,3,0.6667,Tier 1 – High Priority,Buat
1508072010,2,3,0.6667,Tier 1 – High Priority,Pemunyian
1508062012,2,3,0.6667,Tier 1 – High Priority,Mulya Jaya
1508072001,2,3,0.6667,Tier 1 – High Priority,Tanjung Bungo
1508072003,2,3,0.6667,Tier 1 – High Priority,Pauh Agung
1508072004,2,3,0.6667,Tier 1 – High Priority,Tuo Limbur
1501212012,2,3,0.6667,Tier 1 – High Priority,Air Bersih
1501212010,2,3,0.6667,Tier 1 – High Priority,Koto Cayo
1501202011,2,3,0.6667,Tier 1 – High Priority,Pulausangkar
1501182007,2,3,0.6667,Tier 1 – High Priority,Mukai Pintu
1501182009,2,3,0.6667,Tier 1 – High Priority,Pasir Jaya
1508092001,2,3,0.6667,Tier 1 – High Priority,Koto Jayo
1508072013,2,3,0.6667,Tier 1 – High Priority,Sekar Mengkuang
1508082004,2,3,0.6667,Tier 1 – High Priority,Baru Pusat Jalo
1508082006,2,3,0.6667,Tier 1 – High Priority,Tebing Tinggi
1508072005,2,3,0.6667,Tier 1 – High Priority,Renah Sungai Besar
1508072009,2,3,0.6667,Tier 1 – High Priority,Lbk. Tanah Terban
1508052009,2,3,0.6667,Tier 1 – High Priority,Candi
1508022015,2,3,0.6667,Tier 1 – High Priority,Lubuk Mayan
1508042001,2,3,0.6667,Tier 1 – High Priority,Tanjung Belit
1508042002,2,3,0.6667,Tier 1 – High Priority,Rantau Ikil
1508042005,2,3,0.6667,Tier 1 – High Priority,Ujung Tanjung
1508042009,2,3,0.6667,Tier 1 – High Priority,Rantau Panjang
1502042015,2,3,0.6667,Tier 1 – High Priority,Bukit Batu
1502032017,2,3,0.6667,Tier 1 – High Priority,Rantau Bidaro
1508062011,2,3,0.6667,Tier 1 – High Priority,Mulya Bakti
1508052010,2,3,0.6667,Tier 1 – High Priority,Tanjung
1508052012,2,3,0.6667,Tier 1 – High Priority,Tanah Bekali
1508052015,2,3,0.6667,Tier 1 – High Priority,Telentam
1508062001,2,3,0.6667,Tier 1 – High Priority,Baru Pelepat
1508062003,2,3,0.6667,Tier 1 – High Priority,Rantau Keloyang
1508042013,2,3,0.6667,Tier 1 – High Priority,Talang Pamesun
1508042014,2,3,0.6667,Tier 1 – High Priority,Baru Balai Panjang
1501202009,2,3,0.6667,Tier 1 – High Priority,Pengasi Lama
1501202010,2,3,0.6667,Tier 1 – High Priority,Pulaupandan
1508062004,2,3,0.6667,Tier 1 – High Priority,Balai Jaya
1508062005,2,3,0.6667,Tier 1 – High Priority,Rantel
1508062006,2,3,0.6667,Tier 1 – High Priority,Senamat
1508062007,2,3,0.6667,Tier 1 – High Priority,Sungai Beringin
1508062008,2,3,0.6667,Tier 1 – High Priority,Sungai Gurun
1508062010,2,3,0.6667,Tier 1 – High Priority,Gapura Suci
1508092009,2,3,0.6667,Tier 1 – High Priority,Sumber Mulya
1508092012,2,3,0.6667,Tier 1 – High Priority,Lingga Kuamang
1508092013,2,3,0.6667,Tier 1 – High Priority,Bangun Harjo
1501192012,2,3,0.6667,Tier 1 – High Priority,Gununglabu
1501192013,2,3,0.6667,Tier 1 – High Priority,Bento
1501202003,2,3,0.6667,Tier 1 – High Priority,Lolo Kecil
1501202005,2,3,0.6667,Tier 1 – High Priority,Tanjung Syam
1501202008,2,3,0.6667,Tier 1 – High Priority,Muak
1508012004,2,3,0.6667,Tier 1 – High Priority,Tanah Tumbuh
1507112004,2,3,0.6667,Tier 1 – High Priority,Sungai Rambut
1507102006,2,3,0.6667,Tier 1 – High Priority,Suka Maju
1502102006,2,3,0.6667,Tier 1 – High Priority,Pulau Rengas Ulu
1502112003,2,3,0.6667,Tier 1 – High Priority,Telun
1502112007,2,3,0.6667,Tier 1 – High Priority,Danau
1502102001,2,3,0.6667,Tier 1 – High Priority,Pulau Rengas
1502102002,2,3,0.6667,Tier 1 – High Priority,Biuku Tanjung
1502062009,2,3,0.6667,Tier 1 – High Priority,Keroya
1502062011,2,3,0.6667,Tier 1 – High Priority,Karang Berahi
1502042026,2,3,0.6667,Tier 1 – High Priority,Gelanggang
1502052015,2,3,0.6667,Tier 1 – High Priority,Seling
1508022001,2,3,0.6667,Tier 1 – High Priority,Rantau Duku
1508022002,2,3,0.6667,Tier 1 – High Priority,Talang Sungai Bungo
1508022003,2,3,0.6667,Tier 1 – High Priority,Rantau Pandan
1508022005,2,3,0.6667,Tier 1 – High Priority,Lubuk Kayu Aro
1502062013,2,3,0.6667,Tier 1 – High Priority,Pematang Kancil
1502062014,2,3,0.6667,Tier 1 – High Priority,Tanah Abang
1502062015,2,3,0.6667,Tier 1 – High Priority,Sialang
1502062026,2,3,0.6667,Tier 1 – High Priority,Sungai Udang
1502062027,2,3,0.6667,Tier 1 – High Priority,Pelakar Jaya
1502072009,2,3,0.6667,Tier 1 – High Priority,Muara Jernih
1502062005,2,3,0.6667,Tier 1 – High Priority,Tanjung Gedang
1502062006,2,3,0.6667,Tier 1 – High Priority,Empang Benao
1502032024,2,3,0.6667,Tier 1 – High Priority,Pasar Muara Siau
1502032009,2,3,0.6667,Tier 1 – High Priority,Rantau Macang
1502012011,2,3,0.6667,Tier 1 – High Priority,Muara Madras
1502012024,2,3,0.6667,Tier 1 – High Priority,Koto Rawang
1502022004,2,3,0.6667,Tier 1 – High Priority,Kungkai
1502022012,2,3,0.6667,Tier 1 – High Priority,Langling
1502082001,2,3,0.6667,Tier 1 – High Priority,Sungai Sahut
1502082004,2,3,0.6667,Tier 1 – High Priority,Sinar Gading
1502162003,2,3,0.6667,Tier 1 – High Priority,Durian Batakuk
1502132008,2,3,0.6667,Tier 1 – High Priority,PulauTujuh
1502122009,2,3,0.6667,Tier 1 – High Priority,Pelangki
1502132001,2,3,0.6667,Tier 1 – High Priority,Tanjung Lamin
1502132002,2,3,0.6667,Tier 1 – High Priority,Limbur Merangin
1502132003,2,3,0.6667,Tier 1 – High Priority,Karang Anyar
1502132004,2,3,0.6667,Tier 1 – High Priority,Pinang Merah
1502122003,2,3,0.6667,Tier 1 – High Priority,Pulau Baru
1507042009,2,3,0.6667,Tier 1 – High Priority,Rantau Jaya
1507032016,2,3,0.6667,Tier 1 – High Priority,Bakti Idaman
1507012002,2,3,0.6667,Tier 1 – High Priority,Lambur
1507012004,2,3,0.6667,Tier 1 – High Priority,Simbur Naik
1507012011,2,3,0.6667,Tier 1 – High Priority,Lambur I
1506132006,2,3,0.6667,Tier 1 – High Priority,Kempas Jaya
1506132009,2,3,0.6667,Tier 1 – High Priority,Sungsang
1502152003,2,3,0.6667,Tier 1 – High Priority,Sri Sembilan
1507052008,2,3,0.6667,Tier 1 – High Priority,Remau Baku Tuo
1507052009,2,3,0.6667,Tier 1 – High Priority,Labuhan Pering
1507062004,2,3,0.6667,Tier 1 – High Priority,Kota Kandis Dendang
1507062005,2,3,0.6667,Tier 1 – High Priority,Koto Kandis
1507062007,2,3,0.6667,Tier 1 – High Priority,Sido Mukti
1507052001,2,3,0.6667,Tier 1 – High Priority,Sungai Sayang
1507052003,2,3,0.6667,Tier 1 – High Priority,Sungai Jambat
1507042008,2,3,0.6667,Tier 1 – High Priority,Bangun Karya
1502102004,2,3,0.6667,Tier 1 – High Priority,Sungai Putih
1502102005,2,3,0.6667,Tier 1 – High Priority,Bukit Beringin
1502092005,2,3,0.6667,Tier 1 – High Priority,Rancan
1502092007,2,3,0.6667,Tier 1 – High Priority,Rantau Jering
1502092008,2,3,0.6667,Tier 1 – High Priority,Tanjung Dalam
1502082007,2,3,0.6667,Tier 1 – High Priority,Gading Jaya
1507082003,2,3,0.6667,Tier 1 – High Priority,Teluk Majelis
1507092003,2,3,0.6667,Tier 1 – High Priority,Sungai Toman
1508162003,2,3,0.6667,Tier 1 – High Priority,Pulau Batu
1508162004,2,3,0.6667,Tier 1 – High Priority,Sari Mulya
1508162006,2,3,0.6667,Tier 1 – High Priority,Lubuk Tenam
1508142007,2,3,0.6667,Tier 1 – High Priority,Aur Cino
1508142008,2,3,0.6667,Tier 1 – High Priority,Lubuk Beringin
1508142009,2,3,0.6667,Tier 1 – High Priority,Sungai Telang
1508152003,2,3,0.6667,Tier 1 – High Priority,Talang Selungko
1501172017,2,3,0.6667,Tier 1 – High Priority,Kubang Agung
1508172010,2,3,0.6667,Tier 1 – High Priority,Sungai Lilin
1508172012,2,3,0.6667,Tier 1 – High Priority,Rantau Makmur
1509012003,2,3,0.6667,Tier 1 – High Priority,Bedaro Rampak
1508172005,2,3,0.6667,Tier 1 – High Priority,Tebing Tinggi
1508172006,2,3,0.6667,Tier 1 – High Priority,Embacang Gedang
1508172007,2,3,0.6667,Tier 1 – High Priority,Sungai Puri
1508152005,2,3,0.6667,Tier 1 – High Priority,Seberang Jaya
1508162001,2,3,0.6667,Tier 1 – High Priority,Tepian Danto
1506082010,2,3,0.6667,Tier 1 – High Priority,Bukitbakar
1506092002,2,3,0.6667,Tier 1 – High Priority,Dusun Mudo
1501152006,2,3,0.6667,Tier 1 – High Priority,Bengkolan Duo
1501152007,2,3,0.6667,Tier 1 – High Priority,Lubuk Pauh
1501152010,2,3,0.6667,Tier 1 – High Priority,Pesisir Bukit
1501152012,2,3,0.6667,Tier 1 – High Priority,Sungaijernih
1501112025,2,3,0.6667,Tier 1 – High Priority,Kemantan Raya
1501152003,2,3,0.6667,Tier 1 – High Priority,Tangkil
1502122004,2,3,0.6667,Tier 1 – High Priority,Nibung
1502122005,2,3,0.6667,Tier 1 – High Priority,Titian Teras
1502122007,2,3,0.6667,Tier 1 – High Priority,Rantau Alai
1506122007,2,3,0.6667,Tier 1 – High Priority,Sungaigebar Barat
1506122010,2,3,0.6667,Tier 1 – High Priority,Suak Labu
1506112007,2,3,0.6667,Tier 1 – High Priority,Jati Emas
1506112004,2,3,0.6667,Tier 1 – High Priority,Pembengis
1506112005,2,3,0.6667,Tier 1 – High Priority,Bram Itam Raya
1506052014,2,3,0.6667,Tier 1 – High Priority,Adi Purwa
1506052018,2,3,0.6667,Tier 1 – High Priority,Pinang Gading
1506052020,2,3,0.6667,Tier 1 – High Priority,Merlung
1506042015,2,3,0.6667,Tier 1 – High Priority,Bunga Tanjung
1506042017,2,3,0.6667,Tier 1 – High Priority,Mandala Jaya
1506032018,2,3,0.6667,Tier 1 – High Priority,Karya Maju
1506042008,2,3,0.6667,Tier 1 – High Priority,Makmur Jaya
1506042009,2,3,0.6667,Tier 1 – High Priority,Serdang Jaya
1502172001,2,3,0.6667,Tier 1 – High Priority,Baru Pangkalan Jambu
1502172002,2,3,0.6667,Tier 1 – High Priority,Bukit Perentak
1502172005,2,3,0.6667,Tier 1 – High Priority,Bungo Tanjung
1502162004,2,3,0.6667,Tier 1 – High Priority,Muara Bantan
1502162010,2,3,0.6667,Tier 1 – High Priority,Renah Medan
1506052006,2,3,0.6667,Tier 1 – High Priority,Lubuk Terap
1506052012,2,3,0.6667,Tier 1 – High Priority,Tanjungbenanak
1506052013,2,3,0.6667,Tier 1 – High Priority,Bukitharapan
1506062003,2,3,0.6667,Tier 1 – High Priority,Suka Damai
1506062005,2,3,0.6667,Tier 1 – High Priority,Kelagian
1506062007,2,3,0.6667,Tier 1 – High Priority,Talang Makmur
1502172008,2,3,0.6667,Tier 1 – High Priority,Tanjung Mudo
1502182004,2,3,0.6667,Tier 1 – High Priority,Talang Tembago
1502182005,2,3,0.6667,Tier 1 – High Priority,Beringin Tinggi
1502182007,2,3,0.6667,Tier 1 – High Priority,Rantau Suli
1502162012,2,3,0.6667,Tier 1 – High Priority,Muaro Panco Timur
1506092004,2,3,0.6667,Tier 1 – High Priority,Bukit Indah
1506092005,2,3,0.6667,Tier 1 – High Priority,Kemang Manis
1506072009,2,3,0.6667,Tier 1 – High Priority,Rawangkempas
1506072002,2,3,0.6667,Tier 1 – High Priority,Sri Agung
1506072003,2,3,0.6667,Tier 1 – High Priority,Suban
1506072004,2,3,0.6667,Tier 1 – High Priority,Tanjungbojo
1506072005,2,3,0.6667,Tier 1 – High Priority,Kampung Baru
1506072008,2,3,0.6667,Tier 1 – High Priority,Sungaipenoban
1505082010,2,3,0.6667,Tier 1 – High Priority,Sumber Agung
1505082013,2,3,0.6667,Tier 1 – High Priority,Mekar Jaya
1505092002,2,3,0.6667,Tier 1 – High Priority,Talang Datar
1505082003,2,3,0.6667,Tier 1 – High Priority,Talang Kerinci
1505082005,2,3,0.6667,Tier 1 – High Priority,Tangkit
1505082009,2,3,0.6667,Tier 1 – High Priority,Petaling Jaya
1505072012,2,3,0.6667,Tier 1 – High Priority,Tanjung Harapan
1505072013,2,3,0.6667,Tier 1 – High Priority,Berkah
1502212004,2,3,0.6667,Tier 1 – High Priority,Sido Rukun
1502222001,2,3,0.6667,Tier 1 – High Priority,Tambang Baru
1502222003,2,3,0.6667,Tier 1 – High Priority,Mensango
1502192002,2,3,0.6667,Tier 1 – High Priority,Bukit Bungkul
1502192004,2,3,0.6667,Tier 1 – High Priority,Lantak Seribu
1502202001,2,3,0.6667,Tier 1 – High Priority,Tambang Emas
1505092006,2,3,0.6667,Tier 1 – High Priority,Bukit Mulya
1505092008,2,3,0.6667,Tier 1 – High Priority,Pinang Tinggi
1505102004,2,3,0.6667,Tier 1 – High Priority,Ujung Tanjung
1505102006,2,3,0.6667,Tier 1 – High Priority,Tanjung Mulia
1502232012,2,3,0.6667,Tier 1 – High Priority,Baru Kibul
1502232014,2,3,0.6667,Tier 1 – High Priority,Air Liki Baru
1502222004,2,3,0.6667,Tier 1 – High Priority,Koto Baru
1502222005,2,3,0.6667,Tier 1 – High Priority,Sido Harjo
1502232002,2,3,0.6667,Tier 1 – High Priority,Tanjung Putus
1502232005,2,3,0.6667,Tier 1 – High Priority,Sungai Tabir
1506042010,2,3,0.6667,Tier 1 – High Priority,Terjun Gajah
1506012004,2,3,0.6667,Tier 1 – High Priority,Pematang Pauh
1506012019,2,3,0.6667,Tier 1 – High Priority,Gemuruh
1505112007,2,3,0.6667,Tier 1 – High Priority,Sekumbung
1505102008,2,3,0.6667,Tier 1 – High Priority,Bukit Jaya
1505102010,2,3,0.6667,Tier 1 – High Priority,Tanjung Lebar
1505112002,2,3,0.6667,Tier 1 – High Priority,Talang Duku
1505102002,2,3,0.6667,Tier 1 – High Priority,Tri Jaya
1505022007,2,3,0.6667,Tier 1 – High Priority,Keranggan
1505022009,2,3,0.6667,Tier 1 – High Priority,Sekernan
1505012021,2,3,0.6667,Tier 1 – High Priority,Mendalo Indah
1505022003,2,3,0.6667,Tier 1 – High Priority,Pulau Kayu Aro
1505022005,2,3,0.6667,Tier 1 – High Priority,Tan Tan
1505012007,2,3,0.6667,Tier 1 – High Priority,Mendalo Darat
1505012008,2,3,0.6667,Tier 1 – High Priority,Rengas Bandung
1503042003,2,3,0.6667,Tier 1 – High Priority,Batu Ampar
1505062005,2,3,0.6667,Tier 1 – High Priority,Kasang Pudak
1505052011,2,3,0.6667,Tier 1 – High Priority,Tanjung Pauh Km. 39
1505042017,2,3,0.6667,Tier 1 – High Priority,Bakung
1505042018,2,3,0.6667,Tier 1 – High Priority,Danau Kedap
1505042004,2,3,0.6667,Tier 1 – High Priority,Jambi Tulo
1505042006,2,3,0.6667,Tier 1 – High Priority,Danau Lamo
1505032017,2,3,0.6667,Tier 1 – High Priority,Mekar Sari
1505032001,2,3,0.6667,Tier 1 – High Priority,Puding
1502242004,2,3,0.6667,Tier 1 – High Priority,Baru Bukit Punjung
1502242005,2,3,0.6667,Tier 1 – High Priority,Rantau Limau Kapas
1502242006,2,3,0.6667,Tier 1 – High Priority,Baru Sungai Sakai
1503012002,2,3,0.6667,Tier 1 – High Priority,Sungai Keradak
1505062024,2,3,0.6667,Tier 1 – High Priority,Kasang Kota Karang
1505072007,2,3,0.6667,Tier 1 – High Priority,Marga Manunggal Jaya
1505062010,2,3,0.6667,Tier 1 – High Priority,Lopak Alai
1505062013,2,3,0.6667,Tier 1 – High Priority,Teluk Raya
1505072021,2,3,0.6667,Tier 1 – High Priority,Bukit Mas
1505072025,2,3,0.6667,Tier 1 – High Priority,Mekar Sari Makmur
1505072034,2,3,0.6667,Tier 1 – High Priority,Panca Bakti
1503012020,2,3,0.6667,Tier 1 – High Priority,Kasiro Hilir
1503012017,2,3,0.6667,Tier 1 – High Priority,Sungai Baung
1503012003,2,3,0.6667,Tier 1 – High Priority,Muaro Air Dua
1502242001,2,3,0.6667,Tier 1 – High Priority,Sekancing
1502242003,2,3,0.6667,Tier 1 – High Priority,Beringin Sanggul
1509022008,2,3,0.6667,Tier 1 – High Priority,Tuo Ilir
1509012010,2,3,0.6667,Tier 1 – High Priority,Sungai Keruh
1509012011,2,3,0.6667,Tier 1 – High Priority,Aburan Batang Tebo
1501162011,2,3,0.6667,Tier 1 – High Priority,Sungailebuh
1501152013,2,3,0.6667,Tier 1 – High Priority,Pelompek Pasar Baru
1501162006,2,3,0.6667,Tier 1 – High Priority,Siulak Kecil Mudik
1501162009,2,3,0.6667,Tier 1 – High Priority,Lubuk Nagodang
1503032003,2,3,0.6667,Tier 1 – High Priority,Sungai Baung
1509032017,2,3,0.6667,Tier 1 – High Priority,Medan Seri Rambahan
1509032018,2,3,0.6667,Tier 1 – High Priority,Ulak Banjir Rambahan
1509032004,2,3,0.6667,Tier 1 – High Priority,Teluk Kembang Jambu
1509032005,2,3,0.6667,Tier 1 – High Priority,Teluk Kasai Rambahan
1509032007,2,3,0.6667,Tier 1 – High Priority,Tanjung Aur
1509032008,2,3,0.6667,Tier 1 – High Priority,Bungo Tanjung
1509022003,2,3,0.6667,Tier 1 – High Priority,Teluk Rendah Pasar
1509022005,2,3,0.6667,Tier 1 – High Priority,Teluk Rendah Ilir
1503022021,2,3,0.6667,Tier 1 – High Priority,Temalang
1501112022,2,3,0.6667,Tier 1 – High Priority,Baru Sungaideras
1501112007,2,3,0.6667,Tier 1 – High Priority,Sungaimedang
1501112014,2,3,0.6667,Tier 1 – High Priority,Kemantan Hilir
1501112004,2,3,0.6667,Tier 1 – High Priority,Sungaiabu
1501092039,2,3,0.6667,Tier 1 – High Priority,Lindung Jaya
1509032010,2,3,0.6667,Tier 1 – High Priority,Lubuk Benteng
1509032011,2,3,0.6667,Tier 1 – High Priority,Teluk Kuali
1503042007,2,3,0.6667,Tier 1 – High Priority,Kasang Melintang
1503042009,2,3,0.6667,Tier 1 – High Priority,Lubuk Napal
1503032013,2,3,0.6667,Tier 1 – High Priority,Lidung
1503032014,2,3,0.6667,Tier 1 – High Priority,Ladang Panjang
1503032024,2,3,0.6667,Tier 1 – High Priority,Baru
1503032027,2,3,0.6667,Tier 1 – High Priority,Ujung Tanjung
1503042001,2,3,0.6667,Tier 1 – High Priority,Pangidaran
1503022018,2,3,0.6667,Tier 1 – High Priority,Demang
1509062015,2,3,0.6667,Tier 1 – High Priority,Tabun
1509072001,2,3,0.6667,Tier 1 – High Priority,Suka Damai
1509052012,2,3,0.6667,Tier 1 – High Priority,Pemayungan
1509062002,2,3,0.6667,Tier 1 – High Priority,Kuamang
1509062003,2,3,0.6667,Tier 1 – High Priority,Teluk Kayu Putih
1509062004,2,3,0.6667,Tier 1 – High Priority,Sungai Abang
1509052001,2,3,0.6667,Tier 1 – High Priority,Teluk Singkawang
1509052003,2,3,0.6667,Tier 1 – High Priority,Teluk Langkap
1509082006,2,3,0.6667,Tier 1 – High Priority,Sumber Agung
1509082007,2,3,0.6667,Tier 1 – High Priority,Sarimulya
1509092003,2,3,0.6667,Tier 1 – High Priority,Mengupeh
1509072004,2,3,0.6667,Tier 1 – High Priority,Sido Rukun
1509082003,2,3,0.6667,Tier 1 – High Priority,Pulung Rejo
1509082004,2,3,0.6667,Tier 1 – High Priority,Karang Dadi
1509062007,2,3,0.6667,Tier 1 – High Priority,Muara Niro
1509062013,2,3,0.6667,Tier 1 – High Priority,Teluk Lancang
1504072008,2,3,0.6667,Tier 1 – High Priority,Mekar Jaya
1504072010,2,3,0.6667,Tier 1 – High Priority,Mekar Sari Nes
1504062010,2,3,0.6667,Tier 1 – High Priority,Padang Kelapo
1504062012,2,3,0.6667,Tier 1 – High Priority,Sungai Ruan Ulu
1504062016,2,3,0.6667,Tier 1 – High Priority,Mekar Sari
1504062002,2,3,0.6667,Tier 1 – High Priority,Peninjauan
1504062004,2,3,0.6667,Tier 1 – High Priority,Kampung Baru
1504062005,2,3,0.6667,Tier 1 – High Priority,Rengas IX
1503032004,2,3,0.6667,Tier 1 – High Priority,Panti
1503022008,2,3,0.6667,Tier 1 – High Priority,Panca Karya
1503022016,2,3,0.6667,Tier 1 – High Priority,Moenti
1504082003,2,3,0.6667,Tier 1 – High Priority,Kehidupan Baru
1504082004,2,3,0.6667,Tier 1 – High Priority,Bukit Sari
1504082006,2,3,0.6667,Tier 1 – High Priority,Terusan
1504082007,2,3,0.6667,Tier 1 – High Priority,Danau Embat
1504072007,2,3,0.6667,Tier 1 – High Priority,Batin
1503082012,2,3,0.6667,Tier 1 – High Priority,Dusun Dalam
1503072006,2,3,0.6667,Tier 1 – High Priority,Pematang Kabau
1503072007,2,3,0.6667,Tier 1 – High Priority,Bukit Suban
1503072008,2,3,0.6667,Tier 1 – High Priority,Mentawak Baru
1503072009,2,3,0.6667,Tier 1 – High Priority,Mentawak Ulu
1503082003,2,3,0.6667,Tier 1 – High Priority,Pulau Lintang
1503062022,2,3,0.6667,Tier 1 – High Priority,Mandiangin Pasar
1503072001,2,3,0.6667,Tier 1 – High Priority,Lubuk Jering
1503052017,2,3,0.6667,Tier 1 – High Priority,Batu Putih
1503052019,2,3,0.6667,Tier 1 – High Priority,Mekarsari
1503052021,2,3,0.6667,Tier 1 – High Priority,Pasar Pelawan
1503052002,2,3,0.6667,Tier 1 – High Priority,Pelawan
1503082014,2,3,0.6667,Tier 1 – High Priority,Suka Jadi
1503092002,2,3,0.6667,Tier 1 – High Priority,Bukittigo
1503092006,2,3,0.6667,Tier 1 – High Priority,Perdamaian
1503082009,2,3,0.6667,Tier 1 – High Priority,Tanjunggagak
1503062009,2,3,0.6667,Tier 1 – High Priority,Kertopati
1503062012,2,3,0.6667,Tier 1 – High Priority,Simpang Kertopati
1503062020,2,3,0.6667,Tier 1 – High Priority,Gurun Baru
1503052022,2,3,0.6667,Tier 1 – High Priority,Pelawan Jaya
1503062001,2,3,0.6667,Tier 1 – High Priority,Mandiangin
1503062003,2,3,0.6667,Tier 1 – High Priority,Pemusiran
1503052006,2,3,0.6667,Tier 1 – High Priority,Rantanu Tenang
1503052016,2,3,0.6667,Tier 1 – High Priority,Pematang Kulim
1509052005,2,3,0.6667,Tier 1 – High Priority,Punti Kalo
1509032019,2,3,0.6667,Tier 1 – High Priority,Teluk Pandan Rambahan
1509042003,2,3,0.6667,Tier 1 – High Priority,Rimbo Mulyo
1509042005,2,3,0.6667,Tier 1 – High Priority,Tegal Arum
1509042008,2,3,0.6667,Tier 1 – High Priority,Pematang Sapat
1501112018,2,3,0.6667,Tier 1 – High Priority,Kemantan Agung
1504062008,2,3,0.6667,Tier 1 – High Priority,Tebing Tinggi
1504062009,2,3,0.6667,Tier 1 – High Priority,Olak Kemang
1504022010,2,3,0.6667,Tier 1 – High Priority,Tanjung Marwo
1504012017,2,3,0.6667,Tier 1 – High Priority,Tanjung Putra
1504022003,2,3,0.6667,Tier 1 – High Priority,Jebak
1504022004,2,3,0.6667,Tier 1 – High Priority,Ampelu
1504022005,2,3,0.6667,Tier 1 – High Priority,Rambutan Masam
1504022006,2,3,0.6667,Tier 1 – High Priority,Rantau Kapas Mudo
1501022008,2,3,0.6667,Tier 1 – High Priority,Koto Tengah
1572012014,2,3,0.6667,Tier 1 – High Priority,Amar Sakti
1503092007,2,3,0.6667,Tier 1 – High Priority,Pasar Singkut
1503092012,2,3,0.6667,Tier 1 – High Priority,Argo Sari
1503102001,2,3,0.6667,Tier 1 – High Priority,Kampung Tujuh
1504032016,2,3,0.6667,Tier 1 – High Priority,Bajubang Laut
1504032008,2,3,0.6667,Tier 1 – High Priority,Malapari
1504032009,2,3,0.6667,Tier 1 – High Priority,Napal Sisik
1504032010,2,3,0.6667,Tier 1 – High Priority,Rambahan
1504032015,2,3,0.6667,Tier 1 – High Priority,Sungai Baung
1509092004,2,3,0.6667,Tier 1 – High Priority,Rantau Api
1509102002,2,3,0.6667,Tier 1 – High Priority,Sekutur Jaya
1509102006,2,3,0.6667,Tier 1 – High Priority,Pagar Puding Lamo
1504012002,2,3,0.6667,Tier 1 – High Priority,Sengkati Kecil
1504012003,2,3,0.6667,Tier 1 – High Priority,Sengkati Gedang
1504012008,2,3,0.6667,Tier 1 – High Priority,Sungai Puar
1503102006,2,3,0.6667,Tier 1 – High Priority,Pemuncak
1503102009,2,3,0.6667,Tier 1 – High Priority,Sungaikeramat
1501092017,2,3,0.6667,Tier 1 – High Priority,Sungaibendung Air
1501092011,2,3,0.6667,Tier 1 – High Priority,Sungaitanduk
1501082006,2,3,0.6667,Tier 1 – High Priority,Benik
1501082003,2,3,0.6667,Tier 1 – High Priority,Keluru
1509112003,2,3,0.6667,Tier 1 – High Priority,Cermin Alam
1509112004,2,3,0.6667,Tier 1 – High Priority,Sungai Karang
1509112005,2,3,0.6667,Tier 1 – High Priority,Paseban
1509112006,2,3,0.6667,Tier 1 – High Priority,Pasir Mayang
1501042010,2,3,0.6667,Tier 1 – High Priority,Tanjungmudo
1501042013,2,3,0.6667,Tier 1 – High Priority,Koto Baru Hiang
1501042014,2,3,0.6667,Tier 1 – High Priority,Betung Kuning
1501042026,2,3,0.6667,Tier 1 – High Priority,Ambai Bawah
1501202002,2,3,0.6667,Tier 1 – High Priority,Lolo Gedang
1501182012,2,3,0.6667,Tier 1 – High Priority,Talang Tinggi
1501182014,2,3,0.6667,Tier 1 – High Priority,Koto Lua
1501192003,2,3,0.6667,Tier 1 – High Priority,Bedeng Delapan
1572052001,2,3,0.6667,Tier 1 – High Priority,Kumun Hilir
1572032013,2,3,0.6667,Tier 1 – High Priority,Cempaka
1572042001,2,3,0.6667,Tier 1 – High Priority,Baru Debai
1572042002,2,3,0.6667,Tier 1 – High Priority,Pendung Hiang
1572042004,2,3,0.6667,Tier 1 – High Priority,Koto Dumo
1572042006,2,3,0.6667,Tier 1 – High Priority,Koto Tuo
1501042030,2,3,0.6667,Tier 1 – High Priority,Angkasa Pura
1501052012,2,3,0.6667,Tier 1 – High Priority,Koto Di  Air
1572052004,2,3,0.6667,Tier 1 – High Priority,Sandaran Galeh
1572052005,2,3,0.6667,Tier 1 – High Priority,Debai
1572052007,2,3,0.6667,Tier 1 – High Priority,Renah Kayu Embun
1572062001,2,3,0.6667,Tier 1 – High Priority,Sungai Jernih
1572042008,2,3,0.6667,Tier 1 – High Priority,Koto Tengah
1572042009,2,3,0.6667,Tier 1 – High Priority,Tanjung Bunga
1572042010,2,3,0.6667,Tier 1 – High Priority,Koto Padang
1572042011,2,3,0.6667,Tier 1 – High Priority,Tanjung Karang
1572022002,2,3,0.6667,Tier 1 – High Priority,Koto Keras
1572022005,2,3,0.6667,Tier 1 – High Priority,Koto Tengah
1509122008,2,3,0.6667,Tier 1 – High Priority,Olak Kemang
1501062043,2,3,0.6667,Tier 1 – High Priority,Ujung Ladang
1572062002,2,3,0.6667,Tier 1 – High Priority,Aur Duri
1572062006,2,3,0.6667,Tier 1 – High Priority,Karya Bakti
1572062007,2,3,0.6667,Tier 1 – High Priority,Koto Lebu
1501012018,2,3,0.6667,Tier 1 – High Priority,Manjunto Lempur
1501112026,1,2,0.5,Tier 2 – Moderate,Baru Air Hangat
1509072005,1,2,0.5,Tier 2 – Moderate,Sungai Pandan
1502132007,1,3,0.3333,Tier 2 – Moderate,Papit
1506132008,1,3,0.3333,Tier 2 – Moderate,Sungailandak
1506132004,1,3,0.3333,Tier 2 – Moderate,Sungairambai
1502162002,1,3,0.3333,Tier 2 – Moderate,Talang Segegah
1502162001,1,3,0.3333,Tier 2 – Moderate,Muaro Panco Barat
1502152002,1,3,0.3333,Tier 2 – Moderate,Sungai Bulian
1502012002,1,3,0.3333,Tier 2 – Moderate,Tanjung Kasri
1502012001,1,3,0.3333,Tier 2 – Moderate,Renah Kemumu
1501212007,1,3,0.3333,Tier 2 – Moderate,Koto Tengah
1508072008,1,3,0.3333,Tier 2 – Moderate,Baru Lbk. Mengkuang
1508062014,1,3,0.3333,Tier 2 – Moderate,Bukit Telago
1508062013,1,3,0.3333,Tier 2 – Moderate,Cilodang
1502142001,1,3,0.3333,Tier 2 – Moderate,Rantau Limau Manis
1502012008,1,3,0.3333,Tier 2 – Moderate,Pulau Tengah
1502012003,1,3,0.3333,Tier 2 – Moderate,Lubuk Mentilin
1508092003,1,3,0.3333,Tier 2 – Moderate,Muara Kuamang
1508082008,1,3,0.3333,Tier 2 – Moderate,Suka Jaya
1508082003,1,3,0.3333,Tier 2 – Moderate,Tebat
1508082002,1,3,0.3333,Tier 2 – Moderate,Tanjung Agung
1508082001,1,3,0.3333,Tier 2 – Moderate,Mangun Jayo
1508072012,1,3,0.3333,Tier 2 – Moderate,Tebo Jaya
1508072011,1,3,0.3333,Tier 2 – Moderate,Renah Sungai Ipuh
1501182006,1,3,0.3333,Tier 2 – Moderate,Mukai Tinggi
1501182005,1,3,0.3333,Tier 2 – Moderate,Tebing Tinggi
1508092005,1,3,0.3333,Tier 2 – Moderate,Purwosari
1508092004,1,3,0.3333,Tier 2 – Moderate,Lubuk
1502012009,1,3,0.3333,Tier 2 – Moderate,Lubuk Pungguk
1502032007,1,3,0.3333,Tier 2 – Moderate,Lubuk Birah
1502042009,1,3,0.3333,Tier 2 – Moderate,Palipan
1502042008,1,3,0.3333,Tier 2 – Moderate,Tiangko
1502042007,1,3,0.3333,Tier 2 – Moderate,Sungai Pinang
1502032027,1,3,0.3333,Tier 2 – Moderate,Sepantai Renah
1502032021,1,3,0.3333,Tier 2 – Moderate,Pulau Raman
1501202004,1,3,0.3333,Tier 2 – Moderate,Lolo Hilir
1508052006,1,3,0.3333,Tier 2 – Moderate,Pasar Lubuk Landai
1508052003,1,3,0.3333,Tier 2 – Moderate,Empelu
1508052001,1,3,0.3333,Tier 2 – Moderate,Teluk Pandak
1508042015,1,3,0.3333,Tier 2 – Moderate,Sirih Sekapur Perkembangan
1502042011,1,3,0.3333,Tier 2 – Moderate,Durian Lecah
1501212003,1,3,0.3333,Tier 2 – Moderate,Air Panas
1502142002,1,3,0.3333,Tier 2 – Moderate,Ulak Makam
1501202012,1,3,0.3333,Tier 2 – Moderate,Bintang Marak
1501202007,1,3,0.3333,Tier 2 – Moderate,Pondok
1501202006,1,3,0.3333,Tier 2 – Moderate,Talang Kemuning
1506122009,1,3,0.3333,Tier 2 – Moderate,Kuala Indah
1506122005,1,3,0.3333,Tier 2 – Moderate,Dataran Pinang
1506122003,1,3,0.3333,Tier 2 – Moderate,Betara Kanan
1506112010,1,3,0.3333,Tier 2 – Moderate,Semau
1502132006,1,3,0.3333,Tier 2 – Moderate,Mampun Baru
1502132005,1,3,0.3333,Tier 2 – Moderate,Simpang L. Merangin
1502122008,1,3,0.3333,Tier 2 – Moderate,Tambang Besi
1502122006,1,3,0.3333,Tier 2 – Moderate,Kedarasan Panjang
1502122002,1,3,0.3333,Tier 2 – Moderate,Salam Buku
1502142006,1,3,0.3333,Tier 2 – Moderate,Tunggul Bulin
1502032008,1,3,0.3333,Tier 2 – Moderate,Lubuk Beringin
1501202014,1,3,0.3333,Tier 2 – Moderate,Pengasi Baru
1506062004,1,3,0.3333,Tier 2 – Moderate,Adi Jaya
1506062002,1,3,0.3333,Tier 2 – Moderate,Purwodadi
1502192001,1,3,0.3333,Tier 2 – Moderate,Meranti
1502182015,1,3,0.3333,Tier 2 – Moderate,Simpang Talang Tembago
1502182013,1,3,0.3333,Tier 2 – Moderate,Tanjung Alam
1502182011,1,3,0.3333,Tier 2 – Moderate,Tanjung Benuang
1501192007,1,3,0.3333,Tier 2 – Moderate,Kebun Baru
1501192006,1,3,0.3333,Tier 2 – Moderate,Sungailintang
1501192004,1,3,0.3333,Tier 2 – Moderate,Bedeng Dua
1501192002,1,3,0.3333,Tier 2 – Moderate,Sungairenah
1508092007,1,3,0.3333,Tier 2 – Moderate,Sumber Harapan
1501202001,1,3,0.3333,Tier 2 – Moderate,Pasar Kerman
1501192015,1,3,0.3333,Tier 2 – Moderate,Sungaiasam
1506082003,1,3,0.3333,Tier 2 – Moderate,Rantau Benar
1501192010,1,3,0.3333,Tier 2 – Moderate,Sungaikering
1501162024,1,3,0.3333,Tier 2 – Moderate,Siulak Kecil Hilir
1508142003,1,3,0.3333,Tier 2 – Moderate,Laman Panjang
1508142001,1,3,0.3333,Tier 2 – Moderate,Muara Buat
1508102006,1,3,0.3333,Tier 2 – Moderate,Tuo Sepunggur
1508102003,1,3,0.3333,Tier 2 – Moderate,Sepunggur
1508092017,1,3,0.3333,Tier 2 – Moderate,Padang Palangeh
1508092011,1,3,0.3333,Tier 2 – Moderate,Tirta Mulya
1501172002,1,3,0.3333,Tier 2 – Moderate,Baru Kubang
1501162040,1,3,0.3333,Tier 2 – Moderate,Pasar Senen
1501162039,1,3,0.3333,Tier 2 – Moderate,Demong Sakti
1501162028,1,3,0.3333,Tier 2 – Moderate,Telago Biru
1505102007,1,3,0.3333,Tier 2 – Moderate,Adipura Kencana
1501192011,1,3,0.3333,Tier 2 – Moderate,Giri Mulyo
1506072011,1,3,0.3333,Tier 2 – Moderate,Sungaibadar
1506072010,1,3,0.3333,Tier 2 – Moderate,Lubuk Lawas
1506072006,1,3,0.3333,Tier 2 – Moderate,Lubuk Bernai
1506062009,1,3,0.3333,Tier 2 – Moderate,Dataran Kempas
1506092003,1,3,0.3333,Tier 2 – Moderate,Intan Jaya
1506082009,1,3,0.3333,Tier 2 – Moderate,Sungaipaur
1506082008,1,3,0.3333,Tier 2 – Moderate,Tanahtumbuh
1506082005,1,3,0.3333,Tier 2 – Moderate,Cinta Damai
1506082004,1,3,0.3333,Tier 2 – Moderate,Lampisi
1506102002,1,3,0.3333,Tier 2 – Moderate,Tungkal IV Desa
1506092010,1,3,0.3333,Tier 2 – Moderate,Pematang Balam
1506092009,1,3,0.3333,Tier 2 – Moderate,Sungaimuluk
1506112009,1,3,0.3333,Tier 2 – Moderate,Mekar Tanjung
1502172007,1,3,0.3333,Tier 2 – Moderate,Kampung Limo
1506112002,1,3,0.3333,Tier 2 – Moderate,Bram Itam Kanan
1506102007,1,3,0.3333,Tier 2 – Moderate,Kuala Kahar
1506042013,1,3,0.3333,Tier 2 – Moderate,Muntialo
1506042011,1,3,0.3333,Tier 2 – Moderate,Lubuk Terentang
1506042001,1,3,0.3333,Tier 2 – Moderate,Pematang Lumut
1506032020,1,3,0.3333,Tier 2 – Moderate,Pasar Senin
1502162009,1,3,0.3333,Tier 2 – Moderate,Marus Jaya
1502162008,1,3,0.3333,Tier 2 – Moderate,Air Batu
1502162006,1,3,0.3333,Tier 2 – Moderate,Guguk
1506052008,1,3,0.3333,Tier 2 – Moderate,Tanjungpaku
1502182010,1,3,0.3333,Tier 2 – Moderate,Koto Baru
1502182008,1,3,0.3333,Tier 2 – Moderate,Gedang
1502182003,1,3,0.3333,Tier 2 – Moderate,Baru
1502182001,1,3,0.3333,Tier 2 – Moderate,Tanjung Mudo
1506112008,1,3,0.3333,Tier 2 – Moderate,Kemuning
1501072004,1,3,0.3333,Tier 2 – Moderate,Tarutung
1501062042,1,3,0.3333,Tier 2 – Moderate,Air Betung
1504032019,1,3,0.3333,Tier 2 – Moderate,Sungai Buluh
1501062016,1,3,0.3333,Tier 2 – Moderate,Danautinggi
1501062014,1,3,0.3333,Tier 2 – Moderate,Suko Pangkat
1501062011,1,3,0.3333,Tier 2 – Moderate,Sungaibatu Gantih
1572022011,1,3,0.3333,Tier 2 – Moderate,Seberang
1572022003,1,3,0.3333,Tier 2 – Moderate,Koto Bento
1509122007,1,3,0.3333,Tier 2 – Moderate,Bangko Pintas
1509122006,1,3,0.3333,Tier 2 – Moderate,Sungai Jernih
1509122004,1,3,0.3333,Tier 2 – Moderate,Bangun Seranten
1509122003,1,3,0.3333,Tier 2 – Moderate,Embacang Gedang
1509122002,1,3,0.3333,Tier 2 – Moderate,Pintas Tuo
1502032010,1,3,0.3333,Tier 2 – Moderate,Peradu Temberas
1501012012,1,3,0.3333,Tier 2 – Moderate,Perikan Tengah
1572032011,1,3,0.3333,Tier 2 – Moderate,Koto Dian
1572032008,1,3,0.3333,Tier 2 – Moderate,Larik Kemahan
1572032004,1,3,0.3333,Tier 2 – Moderate,Tanjung
1507112005,1,3,0.3333,Tier 2 – Moderate,Rawasari
1507112002,1,3,0.3333,Tier 2 – Moderate,Rantau Rasau Desa
1507102007,1,3,0.3333,Tier 2 – Moderate,Kota Baru
1507102005,1,3,0.3333,Tier 2 – Moderate,Pandan Lagan
1507102004,1,3,0.3333,Tier 2 – Moderate,Pandan Makmur
1507102002,1,3,0.3333,Tier 2 – Moderate,Lagan Tengah
1502042025,1,3,0.3333,Tier 2 – Moderate,Benteng
1508022004,1,3,0.3333,Tier 2 – Moderate,Leban
1501012006,1,3,0.3333,Tier 2 – Moderate,Lempur Hilir
1501012011,1,3,0.3333,Tier 2 – Moderate,Kebun Baru
1501042033,1,3,0.3333,Tier 2 – Moderate,Koto Sekilan Ambai
1501042028,1,3,0.3333,Tier 2 – Moderate,Hiang Karya
1501042012,1,3,0.3333,Tier 2 – Moderate,Pendung Hilir
1572052008,1,3,0.3333,Tier 2 – Moderate,Ulu Air
1572052003,1,3,0.3333,Tier 2 – Moderate,Air Teluh
1572052002,1,3,0.3333,Tier 2 – Moderate,Kumun Mudik
1572042013,1,3,0.3333,Tier 2 – Moderate,Mekar Jaya
1572042012,1,3,0.3333,Tier 2 – Moderate,Kt. Baru Tanah Kampung
1572042007,1,3,0.3333,Tier 2 – Moderate,Koto Panap
1572042005,1,3,0.3333,Tier 2 – Moderate,Sembilan
1501052013,1,3,0.3333,Tier 2 – Moderate,Pasar Semurup
1504032013,1,3,0.3333,Tier 2 – Moderate,Aro
1504032007,1,3,0.3333,Tier 2 – Moderate,Simpang Terusan
1501052016,1,3,0.3333,Tier 2 – Moderate,Pendung Hilir
1504022009,1,3,0.3333,Tier 2 – Moderate,Pulau
1504012018,1,3,0.3333,Tier 2 – Moderate,Sengkati Mudo
1572062003,1,3,0.3333,Tier 2 – Moderate,Pondok Agung
1572052009,1,3,0.3333,Tier 2 – Moderate,Muara Jaya
1503092011,1,3,0.3333,Tier 2 – Moderate,Bukit Bumi Raya
1503092009,1,3,0.3333,Tier 2 – Moderate,Simpang Nibung
1503092008,1,3,0.3333,Tier 2 – Moderate,Siliwangi
1504042002,1,3,0.3333,Tier 2 – Moderate,Olak Besar
1504032021,1,3,0.3333,Tier 2 – Moderate,Pelayangan
1504042013,1,3,0.3333,Tier 2 – Moderate,Jangga Baru
1501062010,1,3,0.3333,Tier 2 – Moderate,Sungaibetung Hilir
1501052035,1,3,0.3333,Tier 2 – Moderate,Muara Semerah Mudik
1501052022,1,3,0.3333,Tier 2 – Moderate,Air Tenang
1501052018,1,3,0.3333,Tier 2 – Moderate,Pendung Mudik
1504022011,1,3,0.3333,Tier 2 – Moderate,Suka Ramai
1502112002,1,3,0.3333,Tier 2 – Moderate,Aur Berduri
1502112001,1,3,0.3333,Tier 2 – Moderate,Sungai Ulak
1502102003,1,3,0.3333,Tier 2 – Moderate,Bedeng Rejo
1507012017,1,3,0.3333,Tier 2 – Moderate,Kota Harapan
1507012014,1,3,0.3333,Tier 2 – Moderate,Kota Raja
1507012001,1,3,0.3333,Tier 2 – Moderate,Alang-Alang
1507022010,1,3,0.3333,Tier 2 – Moderate,Bunga Tanjung
1507022009,1,3,0.3333,Tier 2 – Moderate,Sungai Jeruk
1507022008,1,3,0.3333,Tier 2 – Moderate,Sungai Tering
1507022007,1,3,0.3333,Tier 2 – Moderate,Pemusiran
1507022006,1,3,0.3333,Tier 2 – Moderate,Sungai Raya
1507042005,1,3,0.3333,Tier 2 – Moderate,Rantau Rasau II
1507042004,1,3,0.3333,Tier 2 – Moderate,Rantau Rasau I
1508012006,1,3,0.3333,Tier 2 – Moderate,Tebing Tinggi Uleh
1507032017,1,3,0.3333,Tier 2 – Moderate,Merbau
1507032003,1,3,0.3333,Tier 2 – Moderate,Mendahara Tengah
1507032001,1,3,0.3333,Tier 2 – Moderate,Pangkal Duri
1507052002,1,3,0.3333,Tier 2 – Moderate,Air Hitam Laut
1507042016,1,3,0.3333,Tier 2 – Moderate,Tri Mulyo
1507042014,1,3,0.3333,Tier 2 – Moderate,Marga Mulya
1507042013,1,3,0.3333,Tier 2 – Moderate,Karya Bakti
1507042007,1,3,0.3333,Tier 2 – Moderate,Harapan Makmur
1502032016,1,3,0.3333,Tier 2 – Moderate,Badak Tekurung
1502032015,1,3,0.3333,Tier 2 – Moderate,Air Lago
1502032013,1,3,0.3333,Tier 2 – Moderate,Tiaro
1502032012,1,3,0.3333,Tier 2 – Moderate,Muara Siau
1502032011,1,3,0.3333,Tier 2 – Moderate,Teluk Sikumbang
1505102001,1,3,0.3333,Tier 2 – Moderate,Bukit Subur
1507032018,1,3,0.3333,Tier 2 – Moderate,Pangkal Duri Ilir
1508012005,1,3,0.3333,Tier 2 – Moderate,Rambah
1507112006,1,3,0.3333,Tier 2 – Moderate,Telaga Limo
1502062012,1,3,0.3333,Tier 2 – Moderate,Pauh Menang
1502062004,1,3,0.3333,Tier 2 – Moderate,Jelatang
1502052014,1,3,0.3333,Tier 2 – Moderate,Beluran Panjang
1502052011,1,3,0.3333,Tier 2 – Moderate,Tanjung  Ilir
1502052008,1,3,0.3333,Tier 2 – Moderate,Koto Rayo
1502052007,1,3,0.3333,Tier 2 – Moderate,Kandang
1502032004,1,3,0.3333,Tier 2 – Moderate,Durian Rambun
1502022024,1,3,0.3333,Tier 2 – Moderate,Sungai Kapas
1502082002,1,3,0.3333,Tier 2 – Moderate,Bungo Antoi
1502072011,1,3,0.3333,Tier 2 – Moderate,Pulau Aro
1502072010,1,3,0.3333,Tier 2 – Moderate,Kapuk
1502112005,1,3,0.3333,Tier 2 – Moderate,Baru Nalo
1507082004,1,3,0.3333,Tier 2 – Moderate,Kuala Lagan
1507062009,1,3,0.3333,Tier 2 – Moderate,Jati Mulyo
1507052006,1,3,0.3333,Tier 2 – Moderate,Sungai Benuh
1502092002,1,3,0.3333,Tier 2 – Moderate,Tanjung Berugo
1502082005,1,3,0.3333,Tier 2 – Moderate,Bungo Tanjung
1507092004,1,3,0.3333,Tier 2 – Moderate,Bukit Tempurung
1502092014,1,3,0.3333,Tier 2 – Moderate,Talang Paruh
1502092012,1,3,0.3333,Tier 2 – Moderate,Muara Kelukup
1502092011,1,3,0.3333,Tier 2 – Moderate,Talang Asal
1502092010,1,3,0.3333,Tier 2 – Moderate,Sungai Lalang
1502092009,1,3,0.3333,Tier 2 – Moderate,Muaro Pangi
1502092006,1,3,0.3333,Tier 2 – Moderate,Pasar Masurai
1507102001,1,3,0.3333,Tier 2 – Moderate,Lagan Ulu
1502112006,1,3,0.3333,Tier 2 – Moderate,Mentawak
1507082005,1,3,0.3333,Tier 2 – Moderate,Majelis Hidayah
1501112015,1,3,0.3333,Tier 2 – Moderate,Sungaitutung
1501112011,1,3,0.3333,Tier 2 – Moderate,Pungut Hilir
1501112010,1,3,0.3333,Tier 2 – Moderate,Pungut Tengah
1501112009,1,3,0.3333,Tier 2 – Moderate,Baru Sungai Tutung
1509062014,1,3,0.3333,Tier 2 – Moderate,Dusun Baru
1509062005,1,3,0.3333,Tier 2 – Moderate,Aur Cino
1509052008,1,3,0.3333,Tier 2 – Moderate,Teriti
1509052007,1,3,0.3333,Tier 2 – Moderate,Tuo Sumay
1509052006,1,3,0.3333,Tier 2 – Moderate,Jati Belarik
1509052004,1,3,0.3333,Tier 2 – Moderate,Tambun Arang
1509052002,1,3,0.3333,Tier 2 – Moderate,Lembak Bungur
1509042004,1,3,0.3333,Tier 2 – Moderate,Purwo Harjo
1509082009,1,3,0.3333,Tier 2 – Moderate,Rantau Kembang
1502232011,1,3,0.3333,Tier 2 – Moderate,Tanjung Beringin
1509072003,1,3,0.3333,Tier 2 – Moderate,Sumber Sari
1509062016,1,3,0.3333,Tier 2 – Moderate,Muara Tabun
1503052001,1,3,0.3333,Tier 2 – Moderate,Penegah
1503042022,1,3,0.3333,Tier 2 – Moderate,Danau Serdang
1503042020,1,3,0.3333,Tier 2 – Moderate,Seko Besar
1503092004,1,3,0.3333,Tier 2 – Moderate,Payo Lebar
1503062006,1,3,0.3333,Tier 2 – Moderate,Gurun Tuo
1503062004,1,3,0.3333,Tier 2 – Moderate,Gurun Tuo Simpang
1503052023,1,3,0.3333,Tier 2 – Moderate,Lubuk Sayak
1503052013,1,3,0.3333,Tier 2 – Moderate,Sungai Merah
1503052005,1,3,0.3333,Tier 2 – Moderate,Lubuk Sepuh
1503022009,1,3,0.3333,Tier 2 – Moderate,Lubuk Bedorong
1504082005,1,3,0.3333,Tier 2 – Moderate,Karya Mukti
1509082001,1,3,0.3333,Tier 2 – Moderate,Giriwinangun
1505062001,1,3,0.3333,Tier 2 – Moderate,Pudak
1505052018,1,3,0.3333,Tier 2 – Moderate,Tanjung Pauh Talang Pelita
1505012005,1,3,0.3333,Tier 2 – Moderate,Muaro Pijoan
1505012004,1,3,0.3333,Tier 2 – Moderate,Pematang Jering
1503042010,1,3,0.3333,Tier 2 – Moderate,Sepintun
1503042006,1,3,0.3333,Tier 2 – Moderate,Semaran
1503042004,1,3,0.3333,Tier 2 – Moderate,Batu Kucing
1503042002,1,3,0.3333,Tier 2 – Moderate,Karang Mendapo
1503032028,1,3,0.3333,Tier 2 – Moderate,Bernai Dalam
1503032006,1,3,0.3333,Tier 2 – Moderate,Sungai Abang
1505012013,1,3,0.3333,Tier 2 – Moderate,Penyengat Olak
1505012012,1,3,0.3333,Tier 2 – Moderate,Senaung
1505012011,1,3,0.3333,Tier 2 – Moderate,Sembubuk
1501112002,1,3,0.3333,Tier 2 – Moderate,Kemantan Kebalai
1505012009,1,3,0.3333,Tier 2 – Moderate,Sarang Burung
1505012006,1,3,0.3333,Tier 2 – Moderate,Sungai Duren
1505022008,1,3,0.3333,Tier 2 – Moderate,Berembang
1505022004,1,3,0.3333,Tier 2 – Moderate,Pematang Pulai
1505012022,1,3,0.3333,Tier 2 – Moderate,Pematang Gajah
1505032005,1,3,0.3333,Tier 2 – Moderate,Sungai Bungur
1505032004,1,3,0.3333,Tier 2 – Moderate,Pematang Raman
1505032003,1,3,0.3333,Tier 2 – Moderate,Betung
1505022014,1,3,0.3333,Tier 2 – Moderate,Tanjung Lanjut
1505022013,1,3,0.3333,Tier 2 – Moderate,Bukit Baling
1505022012,1,3,0.3333,Tier 2 – Moderate,Tunas Baru
1501112008,1,3,0.3333,Tier 2 – Moderate,Air Hangat
1501112005,1,3,0.3333,Tier 2 – Moderate,Pondok Sungaiabu
1501112003,1,3,0.3333,Tier 2 – Moderate,Kemantan Darat
1505012010,1,3,0.3333,Tier 2 – Moderate,Mendalo Laut
1501072010,1,3,0.3333,Tier 2 – Moderate,Seberang Merangin
1509112001,1,3,0.3333,Tier 2 – Moderate,Teluk Kepayang Pulau Indah
1509102005,1,3,0.3333,Tier 2 – Moderate,Sako Makmur
1509092001,1,3,0.3333,Tier 2 – Moderate,Muara Kilis
1501082008,1,3,0.3333,Tier 2 – Moderate,Kt. Dian P. Tengah
1501082005,1,3,0.3333,Tier 2 – Moderate,Tanjungbatu
1501082001,1,3,0.3333,Tier 2 – Moderate,Jujun
1501072013,1,3,0.3333,Tier 2 – Moderate,Batang Merangin
1501062041,1,3,0.3333,Tier 2 – Moderate,Tanjunggenting Mudik
1501082013,1,3,0.3333,Tier 2 – Moderate,Dsn. Baru P. Tengah
1501052014,1,3,0.3333,Tier 2 – Moderate,Balai
1501092022,1,3,0.3333,Tier 2 – Moderate,Sungaisampun
1501092013,1,3,0.3333,Tier 2 – Moderate,Sangir
1503062011,1,3,0.3333,Tier 2 – Moderate,Taman Dewa
1501022018,1,3,0.3333,Tier 2 – Moderate,Tanjungharapan
1501022016,1,3,0.3333,Tier 2 – Moderate,Pasar Sore Seleman
1501022014,1,3,0.3333,Tier 2 – Moderate,Talang Kemulun
1572082002,1,3,0.3333,Tier 2 – Moderate,Koto Tinggi
1501022007,1,3,0.3333,Tier 2 – Moderate,Tanjungtanah
1501022006,1,3,0.3333,Tier 2 – Moderate,Cupak
1501022005,1,3,0.3333,Tier 2 – Moderate,Tebing Tinggi
1501022004,1,3,0.3333,Tier 2 – Moderate,Seleman
1501022003,1,3,0.3333,Tier 2 – Moderate,Pendung Talang Genting
1501022001,1,3,0.3333,Tier 2 – Moderate,Sanggaran Agung
1501012005,1,3,0.3333,Tier 2 – Moderate,Masgo
1572082006,1,3,0.3333,Tier 2 – Moderate,Sungai Ning
1501052004,1,3,0.3333,Tier 2 – Moderate,Koto Dua Lama
1501082027,1,3,0.3333,Tier 2 – Moderate,Pasar Jujun
1503062010,1,3,0.3333,Tier 2 – Moderate,Muaro Ketalo
1503062008,1,3,0.3333,Tier 2 – Moderate,Mandainangin Tuo
1503062007,1,3,0.3333,Tier 2 – Moderate,Rangkiling
1503032005,1,3,0.3333,Tier 2 – Moderate,Tinting
1503022023,1,3,0.3333,Tier 2 – Moderate,Suka Damai
1503022014,1,3,0.3333,Tier 2 – Moderate,Tanjung Raden
1503022013,1,3,0.3333,Tier 2 – Moderate,Mersip
1503022012,1,3,0.3333,Tier 2 – Moderate,Berkun
1504012004,1,3,0.3333,Tier 2 – Moderate,Sengkati Baru
1503102008,1,3,0.3333,Tier 2 – Moderate,Tendah
1503102007,1,3,0.3333,Tier 2 – Moderate,Tambang Tinggi
1503102004,1,3,0.3333,Tier 2 – Moderate,Teluktigo
1503102003,1,3,0.3333,Tier 2 – Moderate,Telukrendah
1503072004,1,3,0.3333,Tier 2 – Moderate,Semurung
1504042011,1,3,0.3333,Tier 2 – Moderate,Karmeo
1504042007,1,3,0.3333,Tier 2 – Moderate,Mata Gual
1504012016,1,3,0.3333,Tier 2 – Moderate,Simpang Rantau Gedang
1504012015,1,3,0.3333,Tier 2 – Moderate,Bukit Kemuning
1504012014,1,3,0.3333,Tier 2 – Moderate,Tapah Sari
1504012013,1,3,0.3333,Tier 2 – Moderate,Belanti Jaya
1504012006,1,3,0.3333,Tier 2 – Moderate,Mersam
1504052015,1,3,0.3333,Tier 2 – Moderate,Simpang Kubu Kandang
1504052014,1,3,0.3333,Tier 2 – Moderate,Kaos
1504052011,1,3,0.3333,Tier 2 – Moderate,Selat
1504042014,1,3,0.3333,Tier 2 – Moderate,Terentang Baru
1503082013,1,3,0.3333,Tier 2 – Moderate,Muaralati
1503082006,1,3,0.3333,Tier 2 – Moderate,Teluk Kecimbung
1503082001,1,3,0.3333,Tier 2 – Moderate,Rantau Gedang
1508012008,1,3,0.3333,Tier 2 – Moderate,Panjang
1505082004,1,3,0.3333,Tier 2 – Moderate,Ladang Panjang
1505082002,1,3,0.3333,Tier 2 – Moderate,Talang Belido
1505082001,1,3,0.3333,Tier 2 – Moderate,Kebon IX
1505072033,1,3,0.3333,Tier 2 – Moderate,Bakti Mulya
1505072018,1,3,0.3333,Tier 2 – Moderate,Bukit Makmur
1503022006,1,3,0.3333,Tier 2 – Moderate,Temenggung
1505092007,1,3,0.3333,Tier 2 – Moderate,Sumber Jaya
1505092003,1,3,0.3333,Tier 2 – Moderate,Sumber Mulya
1505082014,1,3,0.3333,Tier 2 – Moderate,Sido Mukti
1505082012,1,3,0.3333,Tier 2 – Moderate,Trimulya Jaya
1502212006,1,3,0.3333,Tier 2 – Moderate,Tegal Rejo
1502212005,1,3,0.3333,Tier 2 – Moderate,Lubuk Bumbun
1502202002,1,3,0.3333,Tier 2 – Moderate,Tanjung Benuang
1505062002,1,3,0.3333,Tier 2 – Moderate,Muara Kumpeh
1505092009,1,3,0.3333,Tier 2 – Moderate,Markanding
1502232009,1,3,0.3333,Tier 2 – Moderate,Pulau Lebar
1502232008,1,3,0.3333,Tier 2 – Moderate,Air Liki
1502232007,1,3,0.3333,Tier 2 – Moderate,Ngaol
1502232004,1,3,0.3333,Tier 2 – Moderate,Batang Kibul
1502232003,1,3,0.3333,Tier 2 – Moderate,Pulau Tebakar
1502222002,1,3,0.3333,Tier 2 – Moderate,Sido Lego
1505062018,1,3,0.3333,Tier 2 – Moderate,Sungai Terap
1505062016,1,3,0.3333,Tier 2 – Moderate,Arang Arang
1505062015,1,3,0.3333,Tier 2 – Moderate,Sipin Teluk Duren
1505062014,1,3,0.3333,Tier 2 – Moderate,Pemunduran
1505062012,1,3,0.3333,Tier 2 – Moderate,Ramin
1505062011,1,3,0.3333,Tier 2 – Moderate,Tarikan
1505092010,1,3,0.3333,Tier 2 – Moderate,Sungai Dayo
1501072011,1,3,0.3333,Tier 2 – Moderate,Baru Pulau Sangkar
1505112010,1,3,0.3333,Tier 2 – Moderate,Manis Mato
1505112008,1,3,0.3333,Tier 2 – Moderate,Kemingking Luar
1505112001,1,3,0.3333,Tier 2 – Moderate,Kunangan
1506022014,1,3,0.3333,Tier 2 – Moderate,Teluksialang
1506012002,1,3,0.3333,Tier 2 – Moderate,Tanjungtayas
1506012001,1,3,0.3333,Tier 2 – Moderate,Badang
1506032015,1,3,0.3333,Tier 2 – Moderate,Parit Bilal
1506032014,1,3,0.3333,Tier 2 – Moderate,Sungaijering
1506032008,1,3,0.3333,Tier 2 – Moderate,Mekar Jati
1501172010,1,3,0.3333,Tier 2 – Moderate,Sekungkung
1501172005,1,3,0.3333,Tier 2 – Moderate,Semumu
1501172004,1,3,0.3333,Tier 2 – Moderate,Kubang Gedang
1505082006,1,3,0.3333,Tier 2 – Moderate,Tangkit Baru
1501172020,1,3,0.3333,Tier 2 – Moderate,Pahlawan Belui
1501172015,1,3,0.3333,Tier 2 – Moderate,Kayu Aho Mangkak Koto Lanang
1501172013,1,3,0.3333,Tier 2 – Moderate,Ladeh
1501172012,1,3,0.3333,Tier 2 – Moderate,Koto Lanang
1508172011,1,3,0.3333,Tier 2 – Moderate,Sungai Tembang
1508172003,1,3,0.3333,Tier 2 – Moderate,Lubuk Landai
1508162007,1,3,0.3333,Tier 2 – Moderate,Kuamang
1508162005,1,3,0.3333,Tier 2 – Moderate,Bukit Sari
1508162002,1,3,0.3333,Tier 2 – Moderate,Aur Gading
1508152001,1,3,0.3333,Tier 2 – Moderate,Pelayang
1501152008,1,3,0.3333,Tier 2 – Moderate,Telun Berasap
1501152002,1,3,0.3333,Tier 2 – Moderate,Sungaisikai
1501112027,1,3,0.3333,Tier 2 – Moderate,Air Panas Sungaiabu
1505082011,1,3,0.3333,Tier 2 – Moderate,Mingkung Jaya
1501182001,1,3,0.3333,Tier 2 – Moderate,Mukai Hilir
1509032003,1,3,0.3333,Tier 2 – Moderate,Pagar Puding
1509022015,1,3,0.3333,Tier 2 – Moderate,Muara Ketalo
1509022014,1,3,0.3333,Tier 2 – Moderate,Kunangan
1509022011,1,3,0.3333,Tier 2 – Moderate,Betung Bedarah Timur
1501092047,1,3,0.3333,Tier 2 – Moderate,Sangir Tengah
1501092042,1,3,0.3333,Tier 2 – Moderate,Pasar Sungai Tanduk
1501092041,1,3,0.3333,Tier 2 – Moderate,Renah Kasah
1501092038,1,3,0.3333,Tier 2 – Moderate,Koto Periang
1501092025,1,3,0.3333,Tier 2 – Moderate,Batang Sangir
1509032015,1,3,0.3333,Tier 2 – Moderate,Jambu
1505032013,1,3,0.3333,Tier 2 – Moderate,Rantau Panjang
1505032010,1,3,0.3333,Tier 2 – Moderate,Jebus
1505032009,1,3,0.3333,Tier 2 – Moderate,Sungai Aur
1505062009,1,3,0.3333,Tier 2 – Moderate,Sakean
1505042019,1,3,0.3333,Tier 2 – Moderate,Mudung Darat
1505042016,1,3,0.3333,Tier 2 – Moderate,Niaso
1505042005,1,3,0.3333,Tier 2 – Moderate,Baru
1505042003,1,3,0.3333,Tier 2 – Moderate,Tanjung Katung
1505042001,1,3,0.3333,Tier 2 – Moderate,Setiris
1505032019,1,3,0.3333,Tier 2 – Moderate,Maju Jaya
1505052012,1,3,0.3333,Tier 2 – Moderate,Nyogan
1505052010,1,3,0.3333,Tier 2 – Moderate,Baru
1505052006,1,3,0.3333,Tier 2 – Moderate,Sebapo
1505052005,1,3,0.3333,Tier 2 – Moderate,Nagasari
1505052004,1,3,0.3333,Tier 2 – Moderate,Ibru
1505052001,1,3,0.3333,Tier 2 – Moderate,Tanjung Pauh Km. 32
1505062004,1,3,0.3333,Tier 2 – Moderate,Kasang Lopak Alai
1505062003,1,3,0.3333,Tier 2 – Moderate,Kota Karang
1505032007,1,3,0.3333,Tier 2 – Moderate,Sogo
1505062008,1,3,0.3333,Tier 2 – Moderate,Solok
1503012004,1,3,0.3333,Tier 2 – Moderate,Simpang Narso
1503012001,1,3,0.3333,Tier 2 – Moderate,Tambak Ratu
1502242002,1,3,0.3333,Tier 2 – Moderate,Sekancing Ilir
1505072005,1,3,0.3333,Tier 2 – Moderate,Marga Mulya
1505072004,1,3,0.3333,Tier 2 – Moderate,Suka Makmur
1505062023,1,3,0.3333,Tier 2 – Moderate,Kasang Kumpeh
1503012013,1,3,0.3333,Tier 2 – Moderate,Datuk Nan Duo
1503012011,1,3,0.3333,Tier 2 – Moderate,Pekan Gedang
1503012010,1,3,0.3333,Tier 2 – Moderate,Lubuk Bangkar
1503012008,1,3,0.3333,Tier 2 – Moderate,P. Salak Baru
1503012007,1,3,0.3333,Tier 2 – Moderate,Rantau Panjang
1503012006,1,3,0.3333,Tier 2 – Moderate,Batu Empang
1509032006,1,3,0.3333,Tier 2 – Moderate,Rantau langkap
1503012021,1,3,0.3333,Tier 2 – Moderate,Bukit Berantai
1503012015,1,3,0.3333,Tier 2 – Moderate,Sungai Bemban
1503012014,1,3,0.3333,Tier 2 – Moderate,Bukit Kalimau Ulu
1501162014,1,3,0.3333,Tier 2 – Moderate,Dusun Baru
1501162012,1,3,0.3333,Tier 2 – Moderate,Koto Kapeh
1501162010,1,3,0.3333,Tier 2 – Moderate,Sungaipegeh
1501162007,1,3,0.3333,Tier 2 – Moderate,Koto Rendah
1501162005,1,3,0.3333,Tier 2 – Moderate,Siulak Panjang
1501162004,1,3,0.3333,Tier 2 – Moderate,Pasar Siulak Gedang
1501162001,1,3,0.3333,Tier 2 – Moderate,Siulak Gedang
1509022004,1,3,0.3333,Tier 2 – Moderate,Teluk Rendah Ulu
1501162021,1,3,0.3333,Tier 2 – Moderate,Koto Lebuh Tinggi
1501162016,1,3,0.3333,Tier 2 – Moderate,Air Terjun
1509032009,1,3,0.3333,Tier 2 – Moderate,Pulau Panjang
1503012022,1,3,0.3333,Tier 2 – Moderate,Bukit Sulah
1501012019,0,3,0.0,Tier 3 – Not Flagged,Kebun Lima
1501042009,0,3,0.0,Tier 3 – Not Flagged,Ambai Atas
1501042011,0,3,0.0,Tier 3 – Not Flagged,Pendung Tengah
1501042034,0,3,0.0,Tier 3 – Not Flagged,Penawar Tinggi
1501052002,0,3,0.0,Tier 3 – Not Flagged,Baru Semurup
1504022012,0,3,0.0,Tier 3 – Not Flagged,Ampelu Mudo
1503092010,0,3,0.0,Tier 3 – Not Flagged,Bukit Talang Mas
1503062005,0,3,0.0,Tier 3 – Not Flagged,Gurun Mudo
1505012002,0,3,0.0,Tier 3 – Not Flagged,Sungai Bertam
1503022010,0,3,0.0,Tier 3 – Not Flagged,Maribung
1503022011,0,3,0.0,Tier 3 – Not Flagged,Napal Melintang
1503022017,0,3,0.0,Tier 3 – Not Flagged,Muara Mensao
1503032002,0,3,0.0,Tier 3 – Not Flagged,Bernai
1503102002,0,3,0.0,Tier 3 – Not Flagged,Lubuk Resam
1503102005,0,3,0.0,Tier 3 – Not Flagged,Lubuk Resam Hilir
1509082005,0,3,0.0,Tier 3 – Not Flagged,Giri Purno
1509082008,0,3,0.0,Tier 3 – Not Flagged,Sepakat Bersatu
1503092005,0,3,0.0,Tier 3 – Not Flagged,Bukitmurau
1503042011,0,3,0.0,Tier 3 – Not Flagged,Lamban Sigatal
1503042021,0,3,0.0,Tier 3 – Not Flagged,Taman Bandung
1503052003,0,3,0.0,Tier 3 – Not Flagged,Pulauaro
1503052004,0,3,0.0,Tier 3 – Not Flagged,Bukit
1503062002,0,3,0.0,Tier 3 – Not Flagged,Rangkiling Simpang
1501092049,0,3,0.0,Tier 3 – Not Flagged,Bendung Air Timur
1501112001,0,3,0.0,Tier 3 – Not Flagged,Kemantan Tinggi
1501112006,0,3,0.0,Tier 3 – Not Flagged,Koto Tebat
1501112012,0,3,0.0,Tier 3 – Not Flagged,Pungut Mudik
1501112019,0,3,0.0,Tier 3 – Not Flagged,Sungaideras
1501112020,0,3,0.0,Tier 3 – Not Flagged,Kemantan Mudik
1501112023,0,3,0.0,Tier 3 – Not Flagged,Taman Jernih Sungaitutung
1509082002,0,3,0.0,Tier 3 – Not Flagged,Sidorejo
1505012017,0,3,0.0,Tier 3 – Not Flagged,Maro Sebo
1505012019,0,3,0.0,Tier 3 – Not Flagged,Danau Sarang Elang
1505012020,0,3,0.0,Tier 3 – Not Flagged,Simpang Limo
1505022001,0,3,0.0,Tier 3 – Not Flagged,Suak Putat
1505022002,0,3,0.0,Tier 3 – Not Flagged,Rantau Majo
1505022011,0,3,0.0,Tier 3 – Not Flagged,Gerunggung
1505032002,0,3,0.0,Tier 3 – Not Flagged,Pulau Mentaro
1501092048,0,3,0.0,Tier 3 – Not Flagged,Tanjungbungo
1506132003,0,3,0.0,Tier 3 – Not Flagged,Telukketapang
1502122001,0,3,0.0,Tier 3 – Not Flagged,Lubuk Gaung
1502122010,0,3,0.0,Tier 3 – Not Flagged,Pulau Layang
1502142003,0,3,0.0,Tier 3 – Not Flagged,Air Batu
1502142004,0,3,0.0,Tier 3 – Not Flagged,Rejo Sari
1502142005,0,3,0.0,Tier 3 – Not Flagged,Kota Raja
1502142007,0,3,0.0,Tier 3 – Not Flagged,Mekar Limau Manis
1502152001,0,3,0.0,Tier 3 – Not Flagged,Sungai Limau
1508042007,0,3,0.0,Tier 3 – Not Flagged,Jumbak
1501202013,0,3,0.0,Tier 3 – Not Flagged,Karang Pandan
1501202015,0,3,0.0,Tier 3 – Not Flagged,Muaro Lulo
1501212002,0,3,0.0,Tier 3 – Not Flagged,Baru
1506122004,0,3,0.0,Tier 3 – Not Flagged,Sungaigebar
1506122006,0,3,0.0,Tier 3 – Not Flagged,Tanjungpasir
1506122008,0,3,0.0,Tier 3 – Not Flagged,Sungaidungun
1506132002,0,3,0.0,Tier 3 – Not Flagged,Sungaikayu Aro
1507032014,0,3,0.0,Tier 3 – Not Flagged,Sinar Kalimantan
1507042011,0,3,0.0,Tier 3 – Not Flagged,Sungai Dusun
1507042015,0,3,0.0,Tier 3 – Not Flagged,Pematang Mayan
1507052004,0,3,0.0,Tier 3 – Not Flagged,Sunga Iitik
1502032028,0,3,0.0,Tier 3 – Not Flagged,Sungai Ulas
1502032029,0,3,0.0,Tier 3 – Not Flagged,Rantau Bayur
1502042010,0,3,0.0,Tier 3 – Not Flagged,Seringat
1502042016,0,3,0.0,Tier 3 – Not Flagged,Sungai Nilau
1507012012,0,3,0.0,Tier 3 – Not Flagged,Lambur II
1507012015,0,3,0.0,Tier 3 – Not Flagged,Siau Dalam
1507012016,0,3,0.0,Tier 3 – Not Flagged,Sungai Ular
1507012018,0,3,0.0,Tier 3 – Not Flagged,Kuala Simbur
1507022003,0,3,0.0,Tier 3 – Not Flagged,Simpang Jelita
1507022004,0,3,0.0,Tier 3 – Not Flagged,Simpang Datuk
1507022005,0,3,0.0,Tier 3 – Not Flagged,Teluk Kijing
1507032007,0,3,0.0,Tier 3 – Not Flagged,Lagan Ilir
1506102005,0,3,0.0,Tier 3 – Not Flagged,Mekar Alam
1506102006,0,3,0.0,Tier 3 – Not Flagged,Harapan Jaya
1506102008,0,3,0.0,Tier 3 – Not Flagged,Muaraseberang
1506112003,0,3,0.0,Tier 3 – Not Flagged,Tanjungsenjulang
1506112006,0,3,0.0,Tier 3 – Not Flagged,Pantaigading
1506032017,0,3,0.0,Tier 3 – Not Flagged,Sungaibaung
1506032019,0,3,0.0,Tier 3 – Not Flagged,Sungairaya
1506042012,0,3,0.0,Tier 3 – Not Flagged,Pematang Buluh
1506072007,0,3,0.0,Tier 3 – Not Flagged,Rawamedang
1506082006,0,3,0.0,Tier 3 – Not Flagged,Sungairotan
1506082007,0,3,0.0,Tier 3 – Not Flagged,Muaradanau
1506092006,0,3,0.0,Tier 3 – Not Flagged,Rantau Badak Lamo
1506092007,0,3,0.0,Tier 3 – Not Flagged,Lubuk Sebontan
1506092008,0,3,0.0,Tier 3 – Not Flagged,Sungaipapauh
1506102003,0,3,0.0,Tier 3 – Not Flagged,Kuala Baru
1506102004,0,3,0.0,Tier 3 – Not Flagged,Telukpulai Raya
1502012005,0,3,0.0,Tier 3 – Not Flagged,Renah Alai
1508072014,0,3,0.0,Tier 3 – Not Flagged,Limbur Baru
1501182002,0,3,0.0,Tier 3 – Not Flagged,Mukai Tengah
1501182008,0,3,0.0,Tier 3 – Not Flagged,Sungailangkap
1501182010,0,3,0.0,Tier 3 – Not Flagged,Sungaikuning
1501182013,0,2,0.0,Tier 3 – Not Flagged,Lubuk Tabun
1506062006,0,3,0.0,Tier 3 – Not Flagged,Telukpengkah
1506062010,0,3,0.0,Tier 3 – Not Flagged,Delima
1502152004,0,3,0.0,Tier 3 – Not Flagged,Bukit Subur
1506132007,0,3,0.0,Tier 3 – Not Flagged,Lumahan
1501212004,0,3,0.0,Tier 3 – Not Flagged,Hamparan Pugu
1501212005,0,3,0.0,Tier 3 – Not Flagged,Pugu
1501212008,0,3,0.0,Tier 3 – Not Flagged,Koto Datuk
1501212009,0,3,0.0,Tier 3 – Not Flagged,Koto Dua Baru
1501212011,0,3,0.0,Tier 3 – Not Flagged,Kecil
1502012004,0,3,0.0,Tier 3 – Not Flagged,Rantau Kermas
1505092011,0,3,0.0,Tier 3 – Not Flagged,Bahar Mulya
1505102005,0,3,0.0,Tier 3 – Not Flagged,Tanjung Baru
1505102009,0,3,0.0,Tier 3 – Not Flagged,Tanjung Sari
1505112003,0,3,0.0,Tier 3 – Not Flagged,Tebat Patah
1505112004,0,3,0.0,Tier 3 – Not Flagged,Kemingking Dalam
1505112005,0,3,0.0,Tier 3 – Not Flagged,Teluk Jambu
1505112006,0,3,0.0,Tier 3 – Not Flagged,Dusun Mudo
1505112009,0,3,0.0,Tier 3 – Not Flagged,Rukam
1501192017,0,3,0.0,Tier 3 – Not Flagged,Ensatu
1508102005,0,3,0.0,Tier 3 – Not Flagged,Suka Makmur
1501162030,0,3,0.0,Tier 3 – Not Flagged,Tutung Bungkuk
1501162034,0,3,0.0,Tier 3 – Not Flagged,Bendar Sedap
1501162038,0,3,0.0,Tier 3 – Not Flagged,Pelak Gedang
1501172001,0,3,0.0,Tier 3 – Not Flagged,Belui
1502232010,0,3,0.0,Tier 3 – Not Flagged,Muara Langeh
1502232013,0,3,0.0,Tier 3 – Not Flagged,Ngaol Ilir
1502182012,0,3,0.0,Tier 3 – Not Flagged,Jangkat
1502182014,0,3,0.0,Tier 3 – Not Flagged,Kabu
1501192001,0,3,0.0,Tier 3 – Not Flagged,Batu Hampar
1501192005,0,3,0.0,Tier 3 – Not Flagged,Sako Duo
1501192008,0,3,0.0,Tier 3 – Not Flagged,Patok Empat
1501192009,0,3,0.0,Tier 3 – Not Flagged,Sungaijambu
1501192014,0,3,0.0,Tier 3 – Not Flagged,Kampung Baru
1501192016,0,3,0.0,Tier 3 – Not Flagged,Pasar Minggu
1506052005,0,3,0.0,Tier 3 – Not Flagged,Penyabungan
1506052021,0,3,0.0,Tier 3 – Not Flagged,Tanjungmakmur
1502162005,0,3,0.0,Tier 3 – Not Flagged,Parit Ujung Tanjung
1502162007,0,3,0.0,Tier 3 – Not Flagged,Markeh
1502162011,0,3,0.0,Tier 3 – Not Flagged,Simpang Parit
1502172003,0,3,0.0,Tier 3 – Not Flagged,Birun
1502182002,0,3,0.0,Tier 3 – Not Flagged,Koto Teguh
1502182006,0,3,0.0,Tier 3 – Not Flagged,Pematang Pauh
1505082015,0,3,0.0,Tier 3 – Not Flagged,Gambut Jaya
1505092001,0,3,0.0,Tier 3 – Not Flagged,Talang Bukit
1505092004,0,3,0.0,Tier 3 – Not Flagged,Mulya Jaya
1505092005,0,3,0.0,Tier 3 – Not Flagged,Matra Manunggal
1502202003,0,3,0.0,Tier 3 – Not Flagged,Pulau Bayur
1502202004,0,3,0.0,Tier 3 – Not Flagged,Selango
1502212002,0,3,0.0,Tier 3 – Not Flagged,Sumber Agung
1502232001,0,3,0.0,Tier 3 – Not Flagged,Muara Kibul
1501172016,0,3,0.0,Tier 3 – Not Flagged,Tambak Tinggi
1501172018,0,3,0.0,Tier 3 – Not Flagged,Tebat Ijuk Dili
1508142006,0,3,0.0,Tier 3 – Not Flagged,Senamat Ulu
1501112028,0,3,0.0,Tier 3 – Not Flagged,Baru Sungaiabu
1501152001,0,3,0.0,Tier 3 – Not Flagged,Sungairumpun
1501152004,0,3,0.0,Tier 3 – Not Flagged,Pelompek
1501152009,0,3,0.0,Tier 3 – Not Flagged,Bumbun Duri
1501152011,0,3,0.0,Tier 3 – Not Flagged,Pauh Tinggi
1506032013,0,3,0.0,Tier 3 – Not Flagged,Parit Sidang
1506032016,0,3,0.0,Tier 3 – Not Flagged,SuakSamin
1501172003,0,3,0.0,Tier 3 – Not Flagged,Koto Panjang
1501172006,0,3,0.0,Tier 3 – Not Flagged,Belui Tinggi
1501172007,0,3,0.0,Tier 3 – Not Flagged,Koto Tuo
1501172008,0,3,0.0,Tier 3 – Not Flagged,Koto Payang
1501172009,0,3,0.0,Tier 3 – Not Flagged,Tebat Ijuk
1501172014,0,3,0.0,Tier 3 – Not Flagged,Lubuk Suli
1506012003,0,3,0.0,Tier 3 – Not Flagged,Kuala Dasal
1506012006,0,3,0.0,Tier 3 – Not Flagged,Taman Raja
1506012020,0,3,0.0,Tier 3 – Not Flagged,Pematang Tembesu
1506012021,0,3,0.0,Tier 3 – Not Flagged,Badang Sepakat
1506022003,0,3,0.0,Tier 3 – Not Flagged,Tungkal I
1506032006,0,3,0.0,Tier 3 – Not Flagged,Parit Pudin
1506032007,0,3,0.0,Tier 3 – Not Flagged,Sungaiserindit
1506032012,0,3,0.0,Tier 3 – Not Flagged,Sungaipampang
1505042007,0,3,0.0,Tier 3 – Not Flagged,Muaro Jambi
1505052002,0,3,0.0,Tier 3 – Not Flagged,Pelempang
1505052003,0,3,0.0,Tier 3 – Not Flagged,Sungai Landai
1505052016,0,3,0.0,Tier 3 – Not Flagged,Pondok Meja
1505052017,0,3,0.0,Tier 3 – Not Flagged,Suka Maju
1505052019,0,3,0.0,Tier 3 – Not Flagged,Muaro Sebapo
1505012014,0,3,0.0,Tier 3 – Not Flagged,Simpang Sungai Duren
1505012016,0,3,0.0,Tier 3 – Not Flagged,Muhajirin
1509022017,0,3,0.0,Tier 3 – Not Flagged,Sungai Bengkal Barat
1501092030,0,3,0.0,Tier 3 – Not Flagged,Sungaidalam
1501092043,0,3,0.0,Tier 3 – Not Flagged,Mekar Sari
1505032006,0,3,0.0,Tier 3 – Not Flagged,Seponjen
1505032011,0,3,0.0,Tier 3 – Not Flagged,Gedong Karya
1505032014,0,3,0.0,Tier 3 – Not Flagged,Londerang
1505032016,0,3,0.0,Tier 3 – Not Flagged,Petanang
1505032018,0,3,0.0,Tier 3 – Not Flagged,Rondang
1503022005,0,3,0.0,Tier 3 – Not Flagged,Pulau Pandan
1501162013,0,3,0.0,Tier 3 – Not Flagged,Koto Beringin
1501162015,0,3,0.0,Tier 3 – Not Flagged,Dusun Dalam
1501162019,0,3,0.0,Tier 3 – Not Flagged,Koto Aro
1509012006,0,3,0.0,Tier 3 – Not Flagged,Tengah Ulu
1509012008,0,3,0.0,Tier 3 – Not Flagged,Kandang
1509012009,0,3,0.0,Tier 3 – Not Flagged,Pelayang
1509022012,0,3,0.0,Tier 3 – Not Flagged,Betung Bedarah Barat
1502232006,0,3,0.0,Tier 3 – Not Flagged,Telentam
1505072006,0,3,0.0,Tier 3 – Not Flagged,Panca Mulya
1503012005,0,3,0.0,Tier 3 – Not Flagged,Batin Pengambang
1503012009,0,3,0.0,Tier 3 – Not Flagged,Muaro Pemuat
1503012012,0,3,0.0,Tier 3 – Not Flagged,Raden Anom
1503012018,0,3,0.0,Tier 3 – Not Flagged,Padang Jering
1503012019,0,3,0.0,Tier 3 – Not Flagged,Kasiro
1503012023,0,3,0.0,Tier 3 – Not Flagged,Paniban Baru
1501092014,0,3,0.0,Tier 3 – Not Flagged,Koto Baru
1501092015,0,3,0.0,Tier 3 – Not Flagged,Koto Panjang
1501092024,0,3,0.0,Tier 3 – Not Flagged,Bedeng Baru
1501042008,0,3,0.0,Tier 3 – Not Flagged,Hiang Tinggi
1501022015,0,3,0.0,Tier 3 – Not Flagged,Dusun Baru Tanjung Tanah
1501022013,0,3,0.0,Tier 3 – Not Flagged,Simpang Empat
1501012002,0,1,0.0,Tier 3 – Not Flagged,Air Mumu
1503092013,0,3,0.0,Tier 3 – Not Flagged,Sendang Sari
1501082012,0,3,0.0,Tier 3 – Not Flagged,Lempur Danau
1501082018,0,3,0.0,Tier 3 – Not Flagged,Telago
1501082019,0,3,0.0,Tier 3 – Not Flagged,Koto Agung
1501082022,0,3,0.0,Tier 3 – Not Flagged,Pulautengah
1501082023,0,3,0.0,Tier 3 – Not Flagged,Koto Baru
1501082025,0,3,0.0,Tier 3 – Not Flagged,Jembatan Merah Pulau Tengah
1501082026,0,3,0.0,Tier 3 – Not Flagged,Limok Manaih Pulau Tengah
1501082028,0,3,0.0,Tier 3 – Not Flagged,Pancuran Bangko
1503082005,0,3,0.0,Tier 3 – Not Flagged,Bangun Jayo
1509092005,0,3,0.0,Tier 3 – Not Flagged,Lubuk Mandarsah
1509102001,0,3,0.0,Tier 3 – Not Flagged,Pinang Belai
1509102007,0,3,0.0,Tier 3 – Not Flagged,Tanjung Aur Seberang
1509102008,0,3,0.0,Tier 3 – Not Flagged,Teluk Melintang
1501082002,0,3,0.0,Tier 3 – Not Flagged,Talang Lindung
1501082004,0,3,0.0,Tier 3 – Not Flagged,Pidung
1501082007,0,3,0.0,Tier 3 – Not Flagged,Kt Tuo P. Tengah
1503102010,0,3,0.0,Tier 3 – Not Flagged,Sekamis
1504052006,0,3,0.0,Tier 3 – Not Flagged,Senaning
1504052016,0,3,0.0,Tier 3 – Not Flagged,Awin
1503062021,0,3,0.0,Tier 3 – Not Flagged,Kute Jaye
1503062023,0,3,0.0,Tier 3 – Not Flagged,Sungai Rotan
1503062028,0,3,0.0,Tier 3 – Not Flagged,Talang Serdang
1503082002,0,3,0.0,Tier 3 – Not Flagged,Penarun
1503082004,0,3,0.0,Tier 3 – Not Flagged,Tanjung
1502092001,0,3,0.0,Tier 3 – Not Flagged,Nilo Dingin
1502092003,0,3,0.0,Tier 3 – Not Flagged,Tuo
1502092004,0,3,0.0,Tier 3 – Not Flagged,Koto Rami
1502092013,0,3,0.0,Tier 3 – Not Flagged,Muaro Lengayo
1502092015,0,3,0.0,Tier 3 – Not Flagged,Durian Mukut
1507092005,0,3,0.0,Tier 3 – Not Flagged,Sinar Wajo
1507092007,0,3,0.0,Tier 3 – Not Flagged,Mencolok
1506132010,0,3,0.0,Tier 3 – Not Flagged,Sungaikepayang
1502072013,0,3,0.0,Tier 3 – Not Flagged,Medan Baru
1502012023,0,3,0.0,Tier 3 – Not Flagged,Renah Pelaan
1507052007,0,3,0.0,Tier 3 – Not Flagged,Sungai Cemara
1507062003,0,3,0.0,Tier 3 – Not Flagged,Kuala Dendang
1507062008,0,3,0.0,Tier 3 – Not Flagged,Catur Rahayu
1507082006,0,3,0.0,Tier 3 – Not Flagged,Manunggal Makmur
1502082006,0,3,0.0,Tier 3 – Not Flagged,Rawa Jaya
1502082008,0,3,0.0,Tier 3 – Not Flagged,Mekar Jaya
1572072006,0,3,0.0,Tier 3 – Not Flagged,Srimenanti
1507102008,0,3,0.0,Tier 3 – Not Flagged,Rantau Karya
1507102009,0,3,0.0,Tier 3 – Not Flagged,Pandan Sejahtera
1508012007,0,3,0.0,Tier 3 – Not Flagged,Bukit Kemang
1502042017,0,3,0.0,Tier 3 – Not Flagged,Sungai Manau
1502052035,0,3,0.0,Tier 3 – Not Flagged,Lubuk Napal
1502062010,0,3,0.0,Tier 3 – Not Flagged,Muara Belengo
1502072012,0,3,0.0,Tier 3 – Not Flagged,Rantau Ngarau
1501052015,0,3,0.0,Tier 3 – Not Flagged,Koto Majidin Hilir
1501052024,0,3,0.0,Tier 3 – Not Flagged,Muara Semerah
1501052037,0,3,0.0,Tier 3 – Not Flagged,Sawahan Jaya
1501062015,0,3,0.0,Tier 3 – Not Flagged,Sungaibetung Mudik
1501062018,0,3,0.0,Tier 3 – Not Flagged,Siulak Deras Mudik
1509122001,0,3,0.0,Tier 3 – Not Flagged,Tanah Garo
1572032006,0,3,0.0,Tier 3 – Not Flagged,Kampung Dalam
1501012016,0,3,0.0,Tier 3 – Not Flagged,Sungaihangat
